[{"id":"6281328139683@s.whatsapp.net","name":"Rafli Maulan","age":"ce52ecfb5f7941737037"},{"id":"6289630157601@s.whatsapp.net","name":"RaxzyXxx!!!","age":"975b887dd8e1902fcc71"},{"id":"6285823652673@s.whatsapp.net","name":"ECTOMORPH","age":"1c1dfd399e1defc30446"},{"id":"918138898059@s.whatsapp.net","name":"mm","age":"ba040490d3de3a70f12b"},{"id":"6282129784415@s.whatsapp.net","name":"Yourname","age":"a07df60259a01e82655a"},{"id":"6283123428994@s.whatsapp.net","name":"Alva","age":"3534cadb823c5d96fbf7"},{"id":"6283867789870@s.whatsapp.net","name":"FLIX BOT AI","age":"d5c28e27650382d2f89c"},{"id":"6285668192643@s.whatsapp.net","name":"Cloud","age":"7f3b4a3b6e805377a3a3"},{"id":"6281328954982@s.whatsapp.net","name":"@sampun_penak","age":"8aee4548e95479cd5250"},{"id":"6285720627097@s.whatsapp.net","name":"y","age":"348a4893c7a40bd798cf"},{"id":"6283869616191@s.whatsapp.net","name":"Hexx","age":"5c1640adf5e5acafbdc3"},{"id":"6281328139682@s.whatsapp.net","name":"Rafli Maulan","age":"d6cd05f2f61b532041bd"},{"id":"62881025791181@s.whatsapp.net","name":"Fakhri Arya Dzaki","age":"3e5b164188445d444657"},{"id":"6283862923611@s.whatsapp.net","name":"Coby♞","age":"959c9ec5c70e91574fec"},{"id":"6285172443303@s.whatsapp.net","name":"Darma","age":"21","time":"4bcbc7d74aefd5ab72b9"},{"id":"6289652571145@s.whatsapp.net","name":"i","age":"19","time":"dff7815530a013a5cf58"},{"id":"6285256833258@s.whatsapp.net","name":"HAIKAL","age":"17","time":"b3b0d7dc3a6fde1f5c4d"},{"id":"6283193248865@s.whatsapp.net","name":"daftar Gerard","age":"14","time":"250e3130af15d7ab3bc0"},{"id":"6285280315834@s.whatsapp.net","name":"manook","age":"12","time":"5b73b03192bac6f53b33"},{"id":"6287728647958@s.whatsapp.net","name":"daftar pp","age":"13","time":"445df1b6fc2c18c646da"},{"id":"6281325986629@s.whatsapp.net","name":"dikz","age":"25","time":"ace1c082602d3f092780"},{"id":"6288276766176@s.whatsapp.net","name":"abyan","age":"16","time":"06e13d2fc12f24e06905"},{"id":"6285713108053@s.whatsapp.net","name":"asu","age":"18","time":"6585be8c394f95a78b6d"},{"id":"6282141230721@s.whatsapp.net","name":"baginda maha raja kyy","age":"19","time":"a8e12523459717b711c3"},{"id":"6285362442715@s.whatsapp.net","name":"Ari","age":"19","time":"0809267720f0b1b1156b"},{"id":"6281543496975@s.whatsapp.net","name":"Xyroo","age":"20","time":"1f96d7c086aa7d1cc2c0"}]