{"version":9,"hash":{"type":"Buffer","data":"8tAntoiQwcqRIoM+MCY3wizifQfeEI1pzPcd2ABE8gBVVVserv8a6a5zhrqxhy98/BpcFtPyhAZ3ZjE0fX75Fb7VqHqi9JTsl/0Tqwrqfw2+DhO6I5Fw3m6Huiok2L1x2CbZ1l5OZjov2tJtsDPxj5Dj/n6Ij5r/iQRGOIXJ3pU="},"indexValueMap":{"MsNsC+5YbgOQkijIIOpn3wjFz9IZE7gmZFyTNUsfft8=":{"valueMac":{"type":"Buffer","data":"HB3qtm9kuxmaaJQvUfjX2g0/EhHiqqoofRmaK+Yjx1M="}},"udtmTM9pHhUa3adeIxqEuqxc7WWFRGQZ4MICl0cD4CI=":{"valueMac":{"type":"Buffer","data":"RUQEgZ0yuyfJfQ+mTi58ny8dsXqVXslRD3mY0nfd8/0="}},"MPAxdi9JlQKlQudLT37zq9f0GpSf2L7Eaeob/9eKvWQ=":{"valueMac":{"type":"Buffer","data":"mhY1avfPoAejHuHzhnQ4SsomBDQtLt18FA3Yq5avSCs="}}}}