{"version":18,"hash":{"type":"Buffer","data":"3cwfjbmvs8Y8uZd0G2R3UyU+NTpcJgz+RmFxyb4wOrHBFEeXVfUC4aWuUc/mnLscT/nmChbKmDNtJ4YCDs+LaQ3LJ+flounQW3I0ioiLgGDhCEKnuBk0aS/i6hiLqKhOS46t7t6KA/JZ8kBnTp8AfnnQg69+yYqL0BstyCjayXw="},"indexValueMap":{"AvURcFXyKjIi7OwHPsTBImQnnWTH6/OtnZklzaoeh7w=":{"valueMac":{"type":"Buffer","data":"iFfnFsT76lWEJ8vGEMn11xf7+WJXXYpUmlhXsKlTV/8="}},"A4z9DT42IBa/8cnrFIMk14TupoJho0E3r5hp85625pM=":{"valueMac":{"type":"Buffer","data":"qqkXW+8fSso5HEsAtqKJh0uSLnL+5KtNDPokj/P7elY="}},"A6eUkTIlKYCNDIzRHp3i03Q94WuMpjCpAd8XuIqOMDk=":{"valueMac":{"type":"Buffer","data":"C2pSyABHai0u/fuDCIr4fGjqwAigccgWbimxclcepRE="}},"BWGn1yh5GS6t69gzGJ40SyaZ94kXi8rku6icpk+Ouvw=":{"valueMac":{"type":"Buffer","data":"Jgp09UiDCNqa4yn05gtFYubhzHnaPQyJNXExzOqtmoc="}},"BZ1fsm8gJyx3wtXrsMgVc1m4tukh5coh+ULSBwCPih0=":{"valueMac":{"type":"Buffer","data":"iYPJljTyPo/joKwPSfG3OU9N6dIOZX1iJVzlHFzExYg="}},"B+cW3AI23aOHYaNAlNtgVUauwWYqg65GdbtIZpwoh2Y=":{"valueMac":{"type":"Buffer","data":"0LQD2ah8IYQAJfPDQqE2w5LLUAO0IHrW968XnYV53co="}},"CVTOLP5lm/Diye02nZjtwq8HD9a/6Gd0JDOdwE/idEo=":{"valueMac":{"type":"Buffer","data":"70OGULxjHGECE7tT9R/LXU5TPfgfXuTF273/y4YOPEw="}},"DmN6mnUO+3Nr6qJB6T6lR5jm8X991o/Yqn1apfNnMRE=":{"valueMac":{"type":"Buffer","data":"cFVpJLoZq7omdYztv6R/dsRjdektz6HlLnvqslU1xwY="}},"EIb6VMRBiLW1vzGAuqD38XrNxR5OxLj7f++a2xqMU9M=":{"valueMac":{"type":"Buffer","data":"IsNEr08FOVBV4oWugvwkRxA9ifeom0iM+hK9oM4xpvA="}},"Euh+J7Uy52FxouQXbj6xjIvvfza+mULqXlUIMQWa/CU=":{"valueMac":{"type":"Buffer","data":"HmizU66wXGkHaQmKR4lbo+JAEaPIS111kFAWRjvkdIw="}},"Ev6fYzCC86srq9B8fFCqwuIzfm6wIWmIVpoKZ0r05CM=":{"valueMac":{"type":"Buffer","data":"+o5Sd9Z49ygxUu33fzBiIJjMyc1tKytFCnhClpNGdsA="}},"E4F61e1jQGvChQ0ET/k5Bz1w2WoNqASRGP/60yHe2Cs=":{"valueMac":{"type":"Buffer","data":"T4a16/WfVKAXXctpp12ilhVoweJBCD6w/MELk4mZLzw="}},"F+h4Xc1eIPjN94pndb5uiZCiY3tK2CzRzt92lcmClW8=":{"valueMac":{"type":"Buffer","data":"qLyqGn3PHUGbIFm6wf2Zfgf/5CgzphPg/KqvUD52/vM="}},"G/udA4LjCxpJwS5blmYKBFsHeSm9DuVlbJIrJhFrA2Q=":{"valueMac":{"type":"Buffer","data":"BhaArWfde4sS9dyQlVPejwyhbXSzxQx+Sj5eYID1JEA="}},"HVa1qA4skHGz2KeRbHoq4MvuePRjt9IdN8GL0jiJibU=":{"valueMac":{"type":"Buffer","data":"mBWhQZO3y3RhtuKWxf74/D5+c953PNhuHD7WArItyhE="}},"ITOfMo+ZMYFNquFPY5XWvAPfw16ylOTAdP7QjPcRSIY=":{"valueMac":{"type":"Buffer","data":"+jnKC0wSo7WwNXGfZ2quzyXsmqsHmBwGLOMMnxoalJY="}},"Ja9dAf6FBfkakuxXSS/x2c+U1ZLHNnZUCyzFsZS0uF8=":{"valueMac":{"type":"Buffer","data":"1WGmdkU9reK7k9jHvBbKnGny8lASiyiOeCrOySrKiHs="}},"JxjsGoioM6tjWyf/LLvmEmYWg2K5awWr2Lxar1dsqE8=":{"valueMac":{"type":"Buffer","data":"BD1isT3Mei5lp17jE3q5CuXcfMjyyMVrELVKrl+cMsA="}},"KRJNL+nno1UiDp17nhSBSL75YIuZyNegPkCW+yqIbhY=":{"valueMac":{"type":"Buffer","data":"7Yjr7i49L09EkjF1HV0ekN/jw8J+w0KnwQhwg50Jw64="}},"KrUDj74wqNkWgt/50uQiDzS8jE87fBiiGIe1KMNfywQ=":{"valueMac":{"type":"Buffer","data":"DQTkAUMJdwuSpZdTGAwVSBP9pnasUOe71YpqHgGzW50="}},"LHtjmx6hSp+KRuAeqlVqRDD+apCFlz79hR42rfG5nIU=":{"valueMac":{"type":"Buffer","data":"AD9Fyu9bI1veDqAZC6ps6pMdJ3vCyvcvSChly9rvQAM="}},"LjF4+ovUX+0bRUVCtb4CMKw9+tH4zNVX5trI4YK5ZLc=":{"valueMac":{"type":"Buffer","data":"Xwy7tasFSPH1mC/DPlHHBLgdqpLafyMtnxwfdnvLxLA="}},"LvRVs+03jb1xkaROD105RHISxOX8TAOfy8aETn1G1vY=":{"valueMac":{"type":"Buffer","data":"l4WIC4FZrHwYpgfO5N6q2Bb7CEMAOHGKHv92CtRSzH8="}},"MjnFMNYbro9gvi/7yv0lVvEusCWo1Ed4K3+bXbRbP7M=":{"valueMac":{"type":"Buffer","data":"d/gHenSogo0dfP0zwtzCYuG38yi4vVVjFAfxVDk6OrE="}},"MugIc/+PzJb9i5L2NX/K4BYvKPxzO1yRBEd3ATG2uSM=":{"valueMac":{"type":"Buffer","data":"eH3tTMYpBSU07TV5JHk+iti8Swv3ON0oBEAZljcsEOk="}},"M3TqmFFPFfhJ/7pPG6aCv745xQ6IQz+SbeAaoFqCCsw=":{"valueMac":{"type":"Buffer","data":"XLRsdM6rO7+hXiYe9c6RiW9kQ7RVPKSNFqCvJp/tgbk="}},"M+qCZgeR+QlCXp8aOquZvBAVZda3XDDJwwQGbSiz9m4=":{"valueMac":{"type":"Buffer","data":"bBTjgOBbYKC+nU0qdg39T3IMaFfhkY8I08He+ekIcBo="}},"NNIDO49b3wG77fntTjo5/ybXhqsB+BtZ7sUrdkP5XOU=":{"valueMac":{"type":"Buffer","data":"9AL0wPzy8N2dWVp266RBrwcM3EDXTpnPsq96vQTzSrQ="}},"OeHF2Eo0dyojkuPC/GYEyEh17kNi3+Ovm4gJIswK4/o=":{"valueMac":{"type":"Buffer","data":"JKirYrz/lrB77azSdJmzk2IMB81EthftIKltbup6Y9Y="}},"Pi+4pZNZRxvI5O0NrlBKcpdpYm1J6sDNj+4lc6q5DqY=":{"valueMac":{"type":"Buffer","data":"sXHshiElqLuBQrPKILqTG+hDwjOhiz2W/mNYBuUBSPM="}},"QF6lJYzKZQVlpWeKzEXiciRrimupt9tNrYCUVo226ak=":{"valueMac":{"type":"Buffer","data":"0ENPDqf/Ki44vmnQyhwqSu9fGndv4x0h+nyd1HdegOw="}},"RQ5AUgDlloV6ctGTEhbfve9fDMC/2bBKiYGJc7Cz8BA=":{"valueMac":{"type":"Buffer","data":"2apJrKEuQKr3t/ksg1H2V8q9gM9Wv0DBHL2GLqsjjqo="}},"StBC7gjRrokA22tR64MLuksPnjP4rGmvpbz2WjgiYgM=":{"valueMac":{"type":"Buffer","data":"xJWFawEH9Hyt74xzC4q2eqkFa4awwjdP8dtsT+VYoWg="}},"UYtfM2hRY6teCIqKoZWohQNm0IGjS1cJ2Zwv/mxqZRY=":{"valueMac":{"type":"Buffer","data":"Q/TpchJ84ligb9QXg5UaVhwCxCc6xjiE6Ky3tWWuh4g="}},"VVbml0a3ssDq55hq3dpTvs4s/ygX4AotgSy/o+VnMu4=":{"valueMac":{"type":"Buffer","data":"rMSlLs2/3WVBT6b3Z4F6rmwjq2t3i1B+/jwfvDDd3+k="}},"V+Z0keYpDyG6wXjrYSaZWXf3HxcSvDPfIjIXI5504rs=":{"valueMac":{"type":"Buffer","data":"SXcwgKYxdYlY9YxXhJCN/7i/DBMZguL7m96yPDc0k9E="}},"YX1g25bXtkI/G/4XLMdIQtJuTqsOp2bqvBXQJPU/Th8=":{"valueMac":{"type":"Buffer","data":"+WAXhU0MGrNTR9whUR3icVzaSNDK6Qs2rLoo4u0hY5M="}},"ZycuJJxDkPVpEK1U+9BVpFXbUF82qjpX8oyl/OFu7g0=":{"valueMac":{"type":"Buffer","data":"eMkHjwsl+G/j5E4Xwm6dgT6wKfWlahkla4Nj5PieWz4="}},"ZyvSyr3SA4VVf+/Ss/iLX9PGyywNC0XGxF9qjxqUbFo=":{"valueMac":{"type":"Buffer","data":"TAFuHjqJppsr0IZBQRQHIhJxR7+ZN8Wxbgb5F7jaL+0="}},"bU4Z+Lgw89uV28iPwSag2l+/m75OCdwclbQT5MAtcVY=":{"valueMac":{"type":"Buffer","data":"ojq2vu7k50I88cFzspRnu+FWW42owiZN+LI5hPP/7GA="}},"bY1UbK/entDvEK88AuWsObw2T0s40iH63IidyMTyPTg=":{"valueMac":{"type":"Buffer","data":"o3tzEmfDLBRtSmpecPlOnZv1miVBrogyRKZsshAm/y8="}},"buN7BuWY3QqtKr/kzOWx1o8COY2C+4poFLVjbxZ69+4=":{"valueMac":{"type":"Buffer","data":"KiT9tbwjhaCpu5mHzZkX4roenNO/zL/1dbbf24W/m94="}},"eUdwXbI99OjNB3GNHcykPxYqZluF4ljWE2MnBdeMjgc=":{"valueMac":{"type":"Buffer","data":"x6Jw6cwTaqTrQhTgp3ayYXiNh5XMH16UPl3Ez7Wi+dw="}},"e8grlrTdK3F9BMQAbZ9IHj4m/+HufnQz3KlPZxQB27g=":{"valueMac":{"type":"Buffer","data":"MkduG2toDSg+zJNA3w5CG8sdVGQLURAr7lSYTJCM9Kk="}},"fH3bJIAC2sGST2qJzpT3YLmJmZfaXyqHq8PX/klDkAw=":{"valueMac":{"type":"Buffer","data":"BuJm1bF6iicujSCtuzUc3rcXzFhScPaaroMiH7lJmzI="}},"fJXE0/A7r1B1pJxE5GWsxK6v3PMZa6jXDsg1zLRVCmg=":{"valueMac":{"type":"Buffer","data":"T46Vj18WOmZ2VD53+NYL5SC4PobuM0cj/6ascCLXhWs="}},"hki8hB9NO4KhS5Kfj2rOQXADeAT6vZEyg+ai13WMs6A=":{"valueMac":{"type":"Buffer","data":"cAMUWvSOxyICndd7p1xKrrWab6HfnUcM4HxqoJSkVDs="}},"ihuTqsHrDEEpvdhJJcUdDPA7zTCqmXNhU1hoFgXJk00=":{"valueMac":{"type":"Buffer","data":"XyrDW8uyegHX65Ex4FuDTo93kSI+vDuLGytrNcDtBqk="}},"imiPnLAUamQmJkRnukIeR0NazwcVxDKKjl1HgiOn1fU=":{"valueMac":{"type":"Buffer","data":"pTpQqbtcvVyhMtx95UTe4ce46BZGaYUeP2LkDdd8uzI="}},"jdTQvTbu7XPDx9fZZ4RMMAc0yvOsMZ63m3pGC+pn9p8=":{"valueMac":{"type":"Buffer","data":"sNwVghFusPqAksmdWA+pG0VixjmLbFhhsmVcGPChJ3c="}},"jro6/Ry85u1KS4KpUo2eP0C2FhKyHzn11A8j9/SO9gw=":{"valueMac":{"type":"Buffer","data":"HHwBhQ9wrx+tM/rWOoqaKerHRmQuX9OGZmNZi3vct+c="}},"kHmpaBuWYboPLLGA6qlrRPWhuT8o+kp2jsL07YmFgjk=":{"valueMac":{"type":"Buffer","data":"w2kC6ktMaFMzOHZ8bWMs1Mvcx/O3mY3iAFvusBTjHX4="}},"lIJELD6BBsmDpLOEtehSMxaSdMEFq1RTrPDBuky4xVE=":{"valueMac":{"type":"Buffer","data":"ijHpFyLaGlEYTIRtKZk3UBI4cF7sSof7vR/epyOERsM="}},"matIJ0bYz5Hdf/5R9l0C4/BsmqITmnLStmvx8l14eM4=":{"valueMac":{"type":"Buffer","data":"n/QwcfNsr2ArzsSK+jeKqq0knRMWo9amepclCE1fKtg="}},"ovQdF/TO8LWsHAddb+CMxYPL8mus99YlJ2UMOToqz7I=":{"valueMac":{"type":"Buffer","data":"LA34dRdSirw5Kk1urDcPZ9swF7xkW6P87tPg4Pe/KeA="}},"qqtWljZPGyGBwSWhy6ji2tz5l3OCn4iR7AJlsL4eXjc=":{"valueMac":{"type":"Buffer","data":"47UH4r7x5tAzIDKHZdhmlJTzaeguW2FM7IB4SaR2OOY="}},"rCKsuBbe2zLiI8VF47fgcvcfaW8N+G/vZIZpfRL+zoc=":{"valueMac":{"type":"Buffer","data":"f8jvLToJ7O9efWYnw5sJKYRtDjBEeyLNPWLWIfsP3Zk="}},"rGyBytlfpoyB2A++NmYnoQThC29pCzM94XzLy4vQKgI=":{"valueMac":{"type":"Buffer","data":"xW8SC/YCq56k07thc80Y4RmkER76pRD1/+dzWSO295Q="}},"rbY3o/wZr6Hp52DQwIpOq6AZ/LRLKK3YiroRYMkCWro=":{"valueMac":{"type":"Buffer","data":"FQQ+/h+ZfcHK1zVtuqh3tLqIIe3hFneAyPCKnnWE4fE="}},"sy+2ADG9MyTwOXCyA+zsiFYLDDaPPGx1Uvesn8EZlSw=":{"valueMac":{"type":"Buffer","data":"XQtKY2dx4job7BptFQ83NONjgHlf4uOQturLJ/7ynpE="}},"s77Z6vEVogaUoc4gTYNujcKyPeJUi3G4+mVP2okmPnA=":{"valueMac":{"type":"Buffer","data":"wfjnU62q/6a6fa0Tv+kSOBQVToA2My4Mv5zhmtmL924="}},"trjv5ry8wqNonB+ep9Rt7XCFwiytY328tdVpE+pfIpk=":{"valueMac":{"type":"Buffer","data":"m9t0oCVCaDbdDGhHTqFf92QjjAHZMK4MzLLhNtfxQ0o="}},"vC2MU6n2SBqp7kyjg206fd/DUUywwOTK/ZZuyEIlCwc=":{"valueMac":{"type":"Buffer","data":"MZx7cVNKXf1cjz1FN8JTdwvgVRgPtF5kkr6pgSAM3UY="}},"xAGynRGHft63U3527IsNWNcWMBXBx/P7haYxL/iqqRY=":{"valueMac":{"type":"Buffer","data":"VWBDVb9CltqEgK3NHi+x/t2AgXhD69AhYSVxDIQtxlA="}},"xjH07lOKN4rj9ViFxb5+SrDDX71KzMj2sfmu0kVwc7s=":{"valueMac":{"type":"Buffer","data":"4YWl7FDVhpf3XqxSZJlUeKAYWX4hzVnUkkDaJHC3oG4="}},"yFVImXtIpetfsl9CxiZD1ZffudQ8GkIPfFqAtgTbHWE=":{"valueMac":{"type":"Buffer","data":"vS5IC8Mu96P1ft8LuZOC60vsWNWCh112cjRPeGbkqKA="}},"yvQNWerUUWzdTUg1Z4LtNkM8it9C4fThgAqhFmmPj7o=":{"valueMac":{"type":"Buffer","data":"YaoZzJqck5NgJ0x6UWBriyInZEbBgp+yeJnGrRwlG7E="}},"0BS/0LWQFf6HzheDNesU7hIn9JKMh+aYMIMZYrUsg7A=":{"valueMac":{"type":"Buffer","data":"FKofPc5OsuWDjU7iA9GBw1NhP7h171bGUuk7q48g5yE="}},"2BEbEihrtvtE99sZ2smFQG2OKHdzgGhrUxTmoF/+cF8=":{"valueMac":{"type":"Buffer","data":"zLXhl7nNq+cIpzdIIEdL2BS+rO70ijzTg8180fx79w8="}},"5Sr6kW8xBIBxcJPulMnW+F+2i8vhdBO2hfeA6cJkhj0=":{"valueMac":{"type":"Buffer","data":"MQHYGvI5qnpoVyyHjqIVCfxfHA0Zr+eTUWuaVbA1iQA="}},"5w+4uJLMTi9RtFDQIjLST4qlTVO1OmC865p6fRBPwmY=":{"valueMac":{"type":"Buffer","data":"qcaI3GtgYdWtZXp89iSZ9e3i/ccSMTSWsiDIMw5p6Gg="}},"6Dd9ignn+MYr8kD6LrsW7BPZrsnFgcnKD9XqkNlGbtU=":{"valueMac":{"type":"Buffer","data":"mN0L/zpUy/hUmGdXLJ3P3QjI9tPmp3U4p8cuLkq++/4="}},"7LFZ0qTSEsPimrpZIdCPZEwX30GRifu0Ws6Lf1av/uo=":{"valueMac":{"type":"Buffer","data":"0+4aJEjEc0iw9xgOIyvum/E1d0FJMGnZhpCTr2HzkCw="}},"7qEz/x3wgcrckKJ61KPkzMx8JLP9QqgFkPO91N/9HVI=":{"valueMac":{"type":"Buffer","data":"HMAW1D3uvPRlcltAqY5NseF/WnFDewwA3+3aksCYC7w="}},"8yiYCWxxvPSEPFDq1tnHcLkCCgh89mK4SIWagAettt0=":{"valueMac":{"type":"Buffer","data":"JliGmbuh1VNZX3F82oarkd/Tfpecpn8eRFtJVzL3JSY="}},"/NDkJ/8ARDXmV3md9mNRoXDuA5CKTcI0Lv25mn932lY=":{"valueMac":{"type":"Buffer","data":"1oNdoLFwFhtJki8LTpX0nR8XMN3ZxMzBT1FonYR1Hgk="}},"/iqLlZQy/4IJU/ApIwr7NQC1Hh5BLO/hdLqm9jMFXsI=":{"valueMac":{"type":"Buffer","data":"JXd+057B2XVj4MgjQgoyUEUGB8XqrLRo9E6Z0mwQOnA="}},"jFMgIIet3niQEGwBP08X7G2loi2kN0XooRwuGBZuyT0=":{"valueMac":{"type":"Buffer","data":"keHDalc+aW+C26qCseG0cIaObUL0qUgh6xPGbNVeNag="}},"OkCR7EaFXsHhpxj1KrybrKjXHlaRRDxHBB1g9LrF34M=":{"valueMac":{"type":"Buffer","data":"hdfCczPVnKv9WLLhAvxAHWzzFgk7Y2FM+/IBG809dFU="}},"ltH3RrMcBBZNfFjOGqipC4u7h6IihQS9VQDvEKs9BvI=":{"valueMac":{"type":"Buffer","data":"jaVoPkKrvQ4nRapG7iTKGn5VMwTzcZWEkPa5LPpTqVk="}},"B2fPasbayslD2/bZ4rGvzO0flKFGmNLqSFk18t6GqHk=":{"valueMac":{"type":"Buffer","data":"P8Z6CmCIBnY/Guu7FgA2RQAP+UiT6csGAVs00uCZV8c="}},"u8G/vc2TBdMbvSnjTVs1pTJPyRlQitL5oPSBLYNQUeE=":{"valueMac":{"type":"Buffer","data":"l143EXrBe6tq3MF6GIbfmJoEiTN8lBMQp194HCj4GMI="}},"zZUYqmOojdP6wCZXgoPRKeP8h0AKt225FpaLyYcdd5g=":{"valueMac":{"type":"Buffer","data":"YlfPGxAa/Mkh74Yzkk6QD0+VINTqjNmdzPiOlfnde24="}},"if7trU07vtUk+g6BcwqukuqzQGGuZJVllte/nLquPz4=":{"valueMac":{"type":"Buffer","data":"BD9X/41O5Bt4WnD/rL+RKYsnHTX5XU05BltdyPuFDPw="}},"P17L0O/hTf3Eyzl9xdMcXrN4zKJ65eUFyTbRWDR20ko=":{"valueMac":{"type":"Buffer","data":"6DWcjcYYShYwa33QyBaaBqbgTEXJQBsnIbpWtIAggVc="}},"ITK8sKgSKu38q6Ax9JWeMKzknFuTEM0hxc7CqVE+hHk=":{"valueMac":{"type":"Buffer","data":"sb8vuuWvpYWXeGEOMB07Bwza0aP6NjLfphEDhDJ4yJ4="}},"bN7LhKWFyIXUBNIQBgPOyw8i8Er/ziwZAU8uBRHWU5w=":{"valueMac":{"type":"Buffer","data":"G3++wnvyxsfE/rOsKDsbUV1PeZeMoqA5oPXss/nb1Bo="}},"1LCZmt4RkY4yNQ/a8EvxwDRy2KXvjjwDeGvDaO8HCmU=":{"valueMac":{"type":"Buffer","data":"+lp4wMAzbv+7Q7J/BJZnbDhEUC6UlBK0lZ2ocOrz5aw="}},"LijVwhxeP/A4wYpmkTZitpqgCFIVWn2A7TaJmgipjr0=":{"valueMac":{"type":"Buffer","data":"JBTsyikuBuhvibMirm5Z3m/pOyyfchV0A09MgsHSHX0="}},"7lfJnWkhMOnnTj7yf8/V9PjMcFtfo/o5o8IRkp3yhaY=":{"valueMac":{"type":"Buffer","data":"Axyo+vWEfbmyyyCLoYBy4DH0YPPZ1un6ZO0/VsrEDMs="}},"fznE6JWnCgQzoHOobPngbNrP56w5n2Lpyfvacd343kY=":{"valueMac":{"type":"Buffer","data":"fn++vO/siFKdcWtn8orinm5rimwo0ARUmiRiflEfbQ0="}},"KkHDxzwTGEhXYpPPvInD4caF/guWZ0Rr393K2bawOxQ=":{"valueMac":{"type":"Buffer","data":"BDfvzBCnnC+9f5NMj16ogp4hJwuX53nyCV9bSxM7JUk="}},"Dkutl3RaUsoHkS+etYSkxlWNwZ4qxZO8ESrhOkObWCw=":{"valueMac":{"type":"Buffer","data":"3aswqA5CMKTNbRUTYvSkRr7P29xrkY+ehh3NdzeG+cw="}}}}