{"version":37,"hash":{"type":"Buffer","data":"RekFjRmnkAI034/BEwoA1t1m4mQk8aLAYn4TiMADWM/moTCqNTFCi98NFhAXiX+CGL84DbBxAlMcOztHtMzd23cY3tZRfAySJN2xx5vSeTKW1MYjl9gD2eHwPS+dViF3qm/ArQeMDkmYAoxeoMkgv2xgFMJ+8SxJZQ1eHedz3m0="},"indexValueMap":{"Ufwuy9II7wMWU6jCB4R8qsEhxnKR2pK3Wb/pbKhniNU=":{"valueMac":{"type":"Buffer","data":"0c/u/vcARIEWAduzbQ58NusIGSwTv9iwyhbWOjjctik="}},"Ko2lvgky/PSAzenv4tdt6huyFtPt+ShWJuUOEK9ZG+A=":{"valueMac":{"type":"Buffer","data":"Ia6MbgDNV9o2zFpVfg7RmxDmBz6jLqNXuHHqlaUPe+A="}},"DBYE+ANKgBaJbdOhX1wl6vaX7WTzuCmExLhi6f4K8lk=":{"valueMac":{"type":"Buffer","data":"g32uUwZpyrhaFmHEcdusoN0CZDZv+rAOdbd0DHL68e8="}},"6T+mALQqSmzTY/R850yUl5urYOwKh+5kqTilAbkoV2I=":{"valueMac":{"type":"Buffer","data":"uqT2aYO5f/XJz3EDtFtp2Bhm4NvzaXfZ8zVPx4rJcKI="}},"ZZPP9RE63iTPt74Nr8+GFkvt1H3PCk+20TE5KNsgHkE=":{"valueMac":{"type":"Buffer","data":"AmtRN9xa+JJbBLSZO7CxmBwtevk3CN7SAO67rzspi6s="}},"m1a/aYIDjcPSGIgnJC3rKQECC2KUush/jiFO4lUyIRc=":{"valueMac":{"type":"Buffer","data":"mnyIyEBRuRvkS91nrOLbbetbgMy/JOhpd6LcUmCl7Z0="}},"8G0pW+OOcbXrYx8t0GKn6DwDRxXhOtQCiQ1/CUH/6Ek=":{"valueMac":{"type":"Buffer","data":"LoicuT+nkKFR8/XepN/vwf9b/KEk0SAzIVkbheAeebE="}},"AcJOnq1FJlr+M4Cb+1Msj+N1rwIaUbo/hfD3abi3LmY=":{"valueMac":{"type":"Buffer","data":"HdreLdqX8y4CNnGbOPe/xxRdpDMGram/mJ5J28EgbLk="}},"iwicmrI3Eibc9DXDEm8FZfpnQaRQW13OAOvngC7M648=":{"valueMac":{"type":"Buffer","data":"5wCx5oDZLZ/NaZ5Bg3vZGcGF4hY3IE2P9O+17G1pSzc="}},"GtYU5kwMGhN/15N4L7uxiUh4y4Vo7leJwT5e4eJ18ko=":{"valueMac":{"type":"Buffer","data":"QmEptF/i95vnCADmpE4rhdHoQX9NloCXk8CFge+Ssjs="}},"5eLlhXlLXzOKpvtN8GTcT/kaQ1A8UyA8+SP+Yi6aMi0=":{"valueMac":{"type":"Buffer","data":"8uSVVT/VlMYNM5INFcvtqgYYRvBuy+gd71HdZaE8QwM="}},"DSot1hRHEL8GSn44E4y7UmwRC5koJQ6JpoGZTAZd8/A=":{"valueMac":{"type":"Buffer","data":"5fooovZ+lBErSt/+uo5ZkbrsJd/5i895RSPSBzR6W3E="}},"2TgA9Dvyh/nh7FyBsm8keqsjPYcoktNsPYigSgicEHg=":{"valueMac":{"type":"Buffer","data":"AGXIvdR7pMfo2eZb0VJrF91mhdPyNF7D0q7hvv7+V58="}},"Fh3+tbdMb+GVa+9S3YoBH3rd4ovwbb8i0zHcN1cu410=":{"valueMac":{"type":"Buffer","data":"XqNfsWhQOq9+zcN/uppo6trJRiTcMCiKt+o+4GqF/gY="}},"Pcbn0ogCNEx4X1BfpUsSSOFVLsF5EFPSNSGVQ6UwkPo=":{"valueMac":{"type":"Buffer","data":"yqGswm1FbFGqmO3R11TaB7RcLQ4re7EeTMo5Vu6cp6Q="}},"knuec+zuRo7++DK6UQz0vLNCfou47n4A2w0KCTdC/8c=":{"valueMac":{"type":"Buffer","data":"WjI5eHtRhAWJzcCxTVGn1c4ebAaLxrsi3Mif2/fXAp4="}},"cQwllzBVKJ/PUTHTPHkqmCVa2PSR6Nopqviym2p3NcQ=":{"valueMac":{"type":"Buffer","data":"1km1ogHR1dMC50ysCsv511p2E7zUY51apMzI3KoHBEU="}},"cU3RRNOXqrnmYFdK3QlEowllF6EkRri2yWdKKv8s8u8=":{"valueMac":{"type":"Buffer","data":"+FnvbP9lLKxaReUoQ8Z8NIkbWWdK5mEIdkh+5AsB3Og="}}}}