{"noiseKey":{"private":{"type":"Buffer","data":"iM+O9OGj2epwwRwdZ3qpBCh10WUPl5YE4rz7AH/ftlg="},"public":{"type":"Buffer","data":"HorxgkoKQhRD/AGHm1o6IimBcjXBAiZ4ZGwsJ8TkE3Y="}},"pairingEphemeralKeyPair":{"private":{"type":"Buffer","data":"GJ9unjJlPnOzdiMJJmUt5kQaCC31e2K9OmRpY6KgaUk="},"public":{"type":"Buffer","data":"vzusmnNzSnisUJA/I/8KjhSKh9EPOWzWhlcnTr2TCjg="}},"signedIdentityKey":{"private":{"type":"Buffer","data":"GMerligSoGt25nGLOUPFzmWJx7DFnZ7zX1U5g+A5CEg="},"public":{"type":"Buffer","data":"BBJvDUUj5o3lyclKjpoWGQwOEbgaNP43MczERWyg8GA="}},"signedPreKey":{"keyPair":{"private":{"type":"Buffer","data":"6FWETOkqYj9MLShhDAAvoGCaQNQDhuLH9BCAW+SL5Wc="},"public":{"type":"Buffer","data":"KCKFZo4U7NSstOuC9rzWWnsgISDNu24E/D7hEZFIDwk="}},"signature":{"type":"Buffer","data":"gCp7IbA1VzHb0Uq2B5uFsOO2HcMqfCeL5SbDy1NDdvlZ/fD8dWx7IyfFE5hhQufVLaW3I4B/U/ahE+UptOOBgA=="},"keyId":1},"registrationId":223,"advSecretKey":"L3q51Et0/5TahN8iUU9tgUD5f8O0hIbDV5zKkaRIfFs=","processedHistoryMessages":[{"key":{"remoteJid":"6283115586760@s.whatsapp.net","fromMe":true,"id":"D96D863A105E2111CD1A8C2F084BC746"},"messageTimestamp":1733199595},{"key":{"remoteJid":"6283115586760@s.whatsapp.net","fromMe":true,"id":"804AC40253899A924A17B556377A5768"},"messageTimestamp":1733199596},{"key":{"remoteJid":"6283115586760@s.whatsapp.net","fromMe":true,"id":"646B8ED25D4A4B3311E3EDC0C6742AAE"},"messageTimestamp":1733199599},{"key":{"remoteJid":"6283115586760@s.whatsapp.net","fromMe":true,"id":"BECF21B85623C80EDD560A8835491E3B"},"messageTimestamp":1733199601},{"key":{"remoteJid":"6283115586760@s.whatsapp.net","fromMe":true,"id":"9E5F080CE3655127F1C0DCD607D99422"},"messageTimestamp":1733199601}],"nextPreKeyId":31,"firstUnuploadedPreKeyId":31,"accountSyncCounter":1,"accountSettings":{"unarchiveChats":false},"deviceId":"XJTBZBCJQnWacWOybEHYqA","phoneId":"40c599e9-9567-4cd0-aaf4-1ff6b574818b","identityId":{"type":"Buffer","data":"xXaK/tF0xfmBBcapkPDc7MPWSlA="},"registered":true,"backupToken":{"type":"Buffer","data":"3bmInHBqywr4/RKowV/Tgt4GErg="},"registration":{},"pairingCode":"V4C45H5E","me":{"id":"6283115586760:4@s.whatsapp.net","name":"Kayra","lid":"270239711416492:4@lid"},"account":{"details":"CPb5wuIDEOWNuroGGAQgACgA","accountSignatureKey":"UB607JJJiEo9Qv+qnRFHozGzo60UuQJcJVi/M2qu718=","accountSignature":"+4270tb3xil4Zwptoxauf/0swTBIHwCqzeEpN6at0INh/cC7Zp2yY3fBx6BCL+98TXHpjvGI/Kc8hrRdsWNnAA==","deviceSignature":"y6PzEDypV5xu0MM9bO8OkfX9A8FHTbwWsjd1I0Iw4LO85J0UY6mb1ZkdC3yR3TAeewrB/tMNa4soLzah/g76ig=="},"signalIdentities":[{"identifier":{"name":"6283115586760:4@s.whatsapp.net","deviceId":0},"identifierKey":{"type":"Buffer","data":"BVAetOySSYhKPUL/qp0RR6Mxs6OtFLkCXCVYvzNqru9f"}}],"platform":"smba","routingInfo":{"type":"Buffer","data":"CAUICA=="},"lastAccountSyncTimestamp":1733199593,"myAppStateKeyId":"AAAAACpS"}