[{"senderKeyId":908807800,"senderChainKey":{"iteration":17,"seed":"sQpZgcw87pwAdZqI+7Jt8q75896CFf76pmDQoYaE/ns="},"senderSigningKey":{"public":"BStdyWYVgnoiLblIoF/cgFEsQ2C9zTf4es+rt7HR1c5u"},"senderMessageKeys":[{},{},{}]},{"senderKeyId":908807800,"senderChainKey":{"iteration":16,"seed":"Az/H/09BwwrlsQiIf2a7+DOGH8ZWTrAc+uBXGeuD3vM="},"senderSigningKey":{"public":"BStdyWYVgnoiLblIoF/cgFEsQ2C9zTf4es+rt7HR1c5u"},"senderMessageKeys":[]},{"senderKeyId":1820941081,"senderChainKey":{"iteration":5,"seed":"U/aEMX242BO1d9TBIZ22OwoKXwdwYsYjogxGIdPp3B0="},"senderSigningKey":{"public":"BQUu2zv2+nfH/rW9AgWEayvRbRVMmEAaqgW2FOAoO5E/"},"senderMessageKeys":[]},{"senderKeyId":1493559909,"senderChainKey":{"iteration":4,"seed":"Ep1O5xfzv5I8ZJOu2ckKwDBTyh9zjQmE0rmTTwocSo8="},"senderSigningKey":{"public":"BdaV4G4cMSchN7+cDYg87Dk+blG+/2062/5+jXTXlSxV"},"senderMessageKeys":[]},{"senderKeyId":1493559909,"senderChainKey":{"iteration":1,"seed":"9P5CY/VeRubYYq84AJNgyA8Mf5nW/X0NEMbV0c7WeOk="},"senderSigningKey":{"public":"BdaV4G4cMSchN7+cDYg87Dk+blG+/2062/5+jXTXlSxV"},"senderMessageKeys":[]}]