[{"senderKeyId":484704845,"senderChainKey":{"iteration":1,"seed":"p7cGmU6RIqd3t7396EXd8jr40aozLOUyzpJXiq7KAtE="},"senderSigningKey":{"public":"BYRQ+c+GWYOqN0lu6EnuGbq7JW2bCkCNZpNIKB3gFGV4"},"senderMessageKeys":[]},{"senderKeyId":1296126033,"senderChainKey":{"iteration":4,"seed":"WIimnGhgFYqp/6UjOS1oklpEphV6VkupbcVdeS5fMPY="},"senderSigningKey":{"public":"Bf2aWX/jcRlvDxE1oZ3Mp9RqV3sg4Nw3w0PautPyJ71o"},"senderMessageKeys":[]},{"senderKeyId":1296126033,"senderChainKey":{"iteration":2,"seed":"kwJa5YmpG+a6oU8Hz0Qwy6qf6LTrZgrJHgl6iHWps/w="},"senderSigningKey":{"public":"Bf2aWX/jcRlvDxE1oZ3Mp9RqV3sg4Nw3w0PautPyJ71o"},"senderMessageKeys":[]},{"senderKeyId":1296126033,"senderChainKey":{"iteration":3,"seed":"hf1yc6nkfFHcT9O60wYmbDynliyNURRmEjNzH7nyaRg="},"senderSigningKey":{"public":"Bf2aWX/jcRlvDxE1oZ3Mp9RqV3sg4Nw3w0PautPyJ71o"},"senderMessageKeys":[]},{"senderKeyId":229764951,"senderChainKey":{"iteration":1,"seed":"H71wTWVMjHcrAdBRvvAVahJ4n0M3tjrL0uAzOfWKrAQ="},"senderSigningKey":{"public":"BUQm00oNBOC4S+V3N90wwVGhWxeXW++8JvQMNnOnMi8y"},"senderMessageKeys":[]}]