{"_sessions":{"BYE5ImeTotDJyUZ3JiKemLavI1RGmuLbKTTfxWGB8IQt":{"registrationId":1062241798,"currentRatchet":{"ephemeralKeyPair":{"pubKey":"BSEs0dsvZEfyES3gzC34mmNr8HoodKYiuOgnrj/td5c+","privKey":"MGW02q+p32P66y5ctAfWAJUUDMvWsPRU0MYekwbfbFo="},"lastRemoteEphemeralKey":"BVGz3262gt+Cqs8v9OnHlDYAnvzGKT8z+NS0CBkBlOd4","previousCounter":0,"rootKey":"FsiGZPw/DwAJDgZtR02RpTCVzO/ccmHDK3+NtZUoxDM="},"indexInfo":{"baseKey":"BYE5ImeTotDJyUZ3JiKemLavI1RGmuLbKTTfxWGB8IQt","baseKeyType":2,"closed":-1,"used":1733209829571,"created":1733209829571,"remoteIdentityKey":"BY4Q0yi8q7iGGYPl8bMHW6QGO+WpvnOegUZ/69WJemZF"},"_chains":{"BVGz3262gt+Cqs8v9OnHlDYAnvzGKT8z+NS0CBkBlOd4":{"chainKey":{"counter":0,"key":"n5OQA1rzrEtryilfOSRb/v3k4wHQOHzTjHiDxIZp2Hc="},"chainType":2,"messageKeys":{}},"BSEs0dsvZEfyES3gzC34mmNr8HoodKYiuOgnrj/td5c+":{"chainKey":{"counter":-1,"key":"OEk4n8qUI/IKHzKmClNjUlUO/S05zPRk8pI1m4AmSns="},"chainType":1,"messageKeys":{}}}}},"version":"v1"}