{"_sessions":{"BXRAZc7bYqKnb30ZAjUGOWepCuPxfAqs/ifl/MbpitAH":{"registrationId":3177391228,"currentRatchet":{"ephemeralKeyPair":{"pubKey":"BdUngVOJZ0nD4crnKmnyV9A4fX3HjxLhQtd28d2RJS0c","privKey":"2BUm5Fd6E5sCNjAuRm4yf+Sa7dItdUlvrLzWsAEsSnA="},"lastRemoteEphemeralKey":"Bfm/pF9XplMBvkH+NR4ner1J+QeV5xXsJ6qAuTznz21p","previousCounter":0,"rootKey":"1GsWoN64fLPDRxjpLPU3NlsdmLFhH5ovCRWQeqGL6Ow="},"indexInfo":{"baseKey":"BXRAZc7bYqKnb30ZAjUGOWepCuPxfAqs/ifl/MbpitAH","baseKeyType":1,"closed":-1,"used":1733199728750,"created":1733199728750,"remoteIdentityKey":"BZqAhbTBDXdW5bxKT2azXdGS4bcwxniFuBS15u14brQA"},"_chains":{"BdUngVOJZ0nD4crnKmnyV9A4fX3HjxLhQtd28d2RJS0c":{"chainKey":{"counter":10,"key":"v88sZYczMcIXAeeGHG2Rl88/MiReYycg8mASX0IaPrg="},"chainType":1,"messageKeys":{}}},"pendingPreKey":{"signedKeyId":13030882,"baseKey":"BXRAZc7bYqKnb30ZAjUGOWepCuPxfAqs/ifl/MbpitAH"}}},"version":"v1"}