{"_sessions":{"BflsZWc9i+x4ukuuqsn30CH4hrSQ37LOfUjLhNPxH/U/":{"registrationId":426,"currentRatchet":{"ephemeralKeyPair":{"pubKey":"BevptXScfR76IDeaGEyF6FGZSwX1sXaDlOi7TalYHw4o","privKey":"eB3SKoPFMFW+FO2umqcmmk6Wc9BKTBJkTIXoVDCP8Hk="},"lastRemoteEphemeralKey":"Bbty1stnsAmI+3pes9I0A4VWOhNAFevvrhVtId68LdUl","previousCounter":0,"rootKey":"NwwBUq9S/0qzk8Pv8lryspsiyyls0lgW537PXjCE89E="},"indexInfo":{"baseKey":"BflsZWc9i+x4ukuuqsn30CH4hrSQ37LOfUjLhNPxH/U/","baseKeyType":1,"closed":-1,"used":1733200672647,"created":1733200672647,"remoteIdentityKey":"BWCZoKEwrd8Ag4W+FkvH1iHKVZ22ZBkpN8o2OgbkiIVh"},"_chains":{"BevptXScfR76IDeaGEyF6FGZSwX1sXaDlOi7TalYHw4o":{"chainKey":{"counter":61,"key":"Uf2Z0IDqbU+jqoB9DBGIK8GVfpG9nBxx3tS9r9+im8M="},"chainType":1,"messageKeys":{}}},"pendingPreKey":{"signedKeyId":1,"baseKey":"BflsZWc9i+x4ukuuqsn30CH4hrSQ37LOfUjLhNPxH/U/"}}},"version":"v1"}