{"_sessions":{"BRFWiMfJaNQGqd3M0gPpxQiE8/CJZBhq6KDCkdudi3w3":{"registrationId":1231603262,"currentRatchet":{"ephemeralKeyPair":{"pubKey":"Bb/JedNor81avdLcPiT7bPRAfSF2b+EQMaPJSCfVSKdJ","privKey":"AOOArZ2mKQizKiDNIMctBGmyzTSTJl5f6wqHQp32E1U="},"lastRemoteEphemeralKey":"BbdW+jU2nUHTvWvO7KLoA37nm2RcGCqlMtbAtF8UT5JW","previousCounter":0,"rootKey":"PTex7oYtnGBor635ay6pJU8GCD4f3QSmyAO5BUbyLxE="},"indexInfo":{"baseKey":"BRFWiMfJaNQGqd3M0gPpxQiE8/CJZBhq6KDCkdudi3w3","baseKeyType":2,"closed":-1,"used":1733379981475,"created":1733379981475,"remoteIdentityKey":"BST821PTilNJ1mV7Eqc6Ff2rKpw0YsCrR/js15+QzYJp"},"_chains":{"BbdW+jU2nUHTvWvO7KLoA37nm2RcGCqlMtbAtF8UT5JW":{"chainKey":{"counter":6,"key":"Q663ApMHFh8zJK52iKCLX8Rsl82xcBUFg6I9TwrY34E="},"chainType":2,"messageKeys":{}},"Bb/JedNor81avdLcPiT7bPRAfSF2b+EQMaPJSCfVSKdJ":{"chainKey":{"counter":-1,"key":"AB2/rPCysXBw+rlEw15ogDfH4IjRnmq7NG8EVILkfIY="},"chainType":1,"messageKeys":{}}}}},"version":"v1"}