{"_sessions":{"BXG3yxkz6mm4UOA8m+ju9xKiLc604i61MPf2lE5QCd0R":{"registrationId":127012729,"currentRatchet":{"ephemeralKeyPair":{"pubKey":"Bbms54vChvuajyMSLwaAUacr1kk0V85hrDqD1d84X6AL","privKey":"8H0+8cdyvdbpY6eZDK5NOVnruVhdz/H3Dlx+8pUUlU4="},"lastRemoteEphemeralKey":"Ba6tDjYOtUC5tH+zsZ71H3zcmKAfGh/+b54NPkOANms/","previousCounter":0,"rootKey":"ulcqJ/SVY3knsQTWJuZ6F+BSZVAz6N8FZfP/6W/XYe4="},"indexInfo":{"baseKey":"BXG3yxkz6mm4UOA8m+ju9xKiLc604i61MPf2lE5QCd0R","baseKeyType":2,"closed":-1,"used":1733379984520,"created":1733379984520,"remoteIdentityKey":"BeIJo6n0OkPx6FL2CgDledbUtFdofgucX0dlcBA7RTcr"},"_chains":{"Ba6tDjYOtUC5tH+zsZ71H3zcmKAfGh/+b54NPkOANms/":{"chainKey":{"counter":5,"key":"xbEOqJuRoB6dxXwT6lFKNL2O6bMcXB8nH0mZ2BjU7tQ="},"chainType":2,"messageKeys":{}},"Bbms54vChvuajyMSLwaAUacr1kk0V85hrDqD1d84X6AL":{"chainKey":{"counter":-1,"key":"rT0Xz0t3na0NPJjagz9vsb2emHCnIHZBAyn6MhxqdUQ="},"chainType":1,"messageKeys":{}}}}},"version":"v1"}