{"_sessions":{"BU2YkFg/9bx4hL86XF1EaQMiovAXaSFBvJdNixc/w3YR":{"registrationId":50027290,"currentRatchet":{"ephemeralKeyPair":{"pubKey":"BZdtBebIos6GcLg1Is1fya7WEHnz/WZ3h1alwRRC7rVs","privKey":"SL5EJXLd1kCZtLqPXlop1a7v5E7Pm5Esxwj5D6NLxVQ="},"lastRemoteEphemeralKey":"BSWEJdN26a2s7cATjkPg4h0ZYfoCaTEfXnkokyKlN3E2","previousCounter":0,"rootKey":"02S7CapfqArqz87DMeijDSdXnbOavx1tO/kMdrPvPmk="},"indexInfo":{"baseKey":"BU2YkFg/9bx4hL86XF1EaQMiovAXaSFBvJdNixc/w3YR","baseKeyType":2,"closed":-1,"used":1733379981450,"created":1733379981450,"remoteIdentityKey":"BRdAGGUH6VeCQk3YCh8dq9pQurrpABXH+rs9bW7C2EUX"},"_chains":{"BSWEJdN26a2s7cATjkPg4h0ZYfoCaTEfXnkokyKlN3E2":{"chainKey":{"counter":6,"key":"qCsuFX2SFtjpOccCLwxTCvTnll+VbETR/SFhBBCF8AU="},"chainType":2,"messageKeys":{"0":"8Ul9lIKQ4seayE8yAMIE3qfIjdfQHdFi3y25R9Y5Lvw=","1":"agSjF4gn6qFpa2Vy99AbSfosFCPI8Ze5QnSZyzVBVPM="}},"BZdtBebIos6GcLg1Is1fya7WEHnz/WZ3h1alwRRC7rVs":{"chainKey":{"counter":-1,"key":"MqW3FxRxGaETehnolOM/k7ZbQXOeSmr7paXvoLu3z1c="},"chainType":1,"messageKeys":{}}}}},"version":"v1"}