{"_sessions":{"BWbHoH4GTQgG+V4/dfDy7M3FIRBO8gCQahIwXrg6Jc4D":{"registrationId":1782514491,"currentRatchet":{"ephemeralKeyPair":{"pubKey":"BZNRX8/HT8roa01SACNfLozmkmUIzu4qbp9g9WwD/iVZ","privKey":"KD8+4OnlX8OmeKsBfKCSWcEmaMJ/fMQvJwzuPT2K0m4="},"lastRemoteEphemeralKey":"BZwllUmZE9a6K4jiCTsT2vQWnbcH40o2FeIj0fslrsJH","previousCounter":0,"rootKey":"519SGSMVPQNNXcF2D2DnaBPu4lktgXZkl+GoRtamkV0="},"indexInfo":{"baseKey":"BWbHoH4GTQgG+V4/dfDy7M3FIRBO8gCQahIwXrg6Jc4D","baseKeyType":2,"closed":-1,"used":1733379984513,"created":1733379984513,"remoteIdentityKey":"BfE8jLzCKfI8UapPSnTyhVk6/Id30GmXYxsPRr7S8g41"},"_chains":{"BZwllUmZE9a6K4jiCTsT2vQWnbcH40o2FeIj0fslrsJH":{"chainKey":{"counter":0,"key":"sIRxurOoyDBZ/3ZnSNu/VQ1cMbzM7K5xT5o2K7GLHRg="},"chainType":2,"messageKeys":{}},"BZNRX8/HT8roa01SACNfLozmkmUIzu4qbp9g9WwD/iVZ":{"chainKey":{"counter":-1,"key":"9JuRka0AFsd1D85RGCOW+RQj+TOp8fLA/3Fed8otsJE="},"chainType":1,"messageKeys":{}}}}},"version":"v1"}