{"_sessions":{"BSnMqfUNgjX2t43QL7woigEqcqKZ+EPjKo/VfJOPtKYg":{"registrationId":2013160920,"currentRatchet":{"ephemeralKeyPair":{"pubKey":"BTM/wm4Yb00HyBL99pmeJdl5iRE8BE3gggk9VCxoNxIB","privKey":"yP/TZTE/Fba9qC1Jlq/JIoOq54PSnIY5xO2kI2hfMUU="},"lastRemoteEphemeralKey":"BSbO93rVEDX8+ZywznAUN4GBhnKNuIIDJr115rFBQOUD","previousCounter":5,"rootKey":"2f3k03hdUyd6P6MeyPAowJreavZSbzuHbvKwH4lqoNY="},"indexInfo":{"baseKey":"BSnMqfUNgjX2t43QL7woigEqcqKZ+EPjKo/VfJOPtKYg","baseKeyType":1,"closed":-1,"used":1733379981470,"created":1733200672644,"remoteIdentityKey":"BV+GFcX9/L8B/6RKiFiswkTFmjZZLtf82K/I+Xo1YMht"},"_chains":{"BWyN++ud4KcpbaqnWMVKapXignxdV7zPc4MQqAKhKU9p":{"chainKey":{"counter":2},"chainType":2,"messageKeys":{}},"BTbYJLKmNqd4QwviUOu6a14rdH+mV5yzhZVB/1U4Mpwe":{"chainKey":{"counter":0},"chainType":2,"messageKeys":{}},"Bd9DkB7pUfWB/1bX/RSvFOrhdHp2PGZxFpf1Hg47zyxV":{"chainKey":{"counter":1},"chainType":2,"messageKeys":{}},"BRhbAkA7x0UccHPw5MFA0/dqPCj+qsKl8Acr/uMxvc5+":{"chainKey":{"counter":0},"chainType":2,"messageKeys":{}},"BSbO93rVEDX8+ZywznAUN4GBhnKNuIIDJr115rFBQOUD":{"chainKey":{"counter":0,"key":"UJiw5tdzx6v4B2D1JGYT76yUS4Nc/c0mV4I3qHM/XMc="},"chainType":2,"messageKeys":{}},"BTM/wm4Yb00HyBL99pmeJdl5iRE8BE3gggk9VCxoNxIB":{"chainKey":{"counter":-1,"key":"dFoSE+bD06kV9QYhq+PEL9w2JvamFF95KoDHZje6uJY="},"chainType":1,"messageKeys":{}}}}},"version":"v1"}