{"_sessions":{"BQgWI4w+qtlses6TeUB8yOb8NXGN/zEIPYl6nExC3LJH":{"registrationId":1822,"currentRatchet":{"ephemeralKeyPair":{"pubKey":"BcF8hGwswYY9rgsBBdf3nYYFEDvj2sUo+Fm947N/5sFb","privKey":"CEHNSGFFD7OAIGssfIaGOmh38/GsyzKhTMRkEeg6XFU="},"lastRemoteEphemeralKey":"BUDu8aA3c2j/xtm8GpaMGzkIFUjORHTBJP4GM2Ip/L1x","previousCounter":0,"rootKey":"UdWrqU8CfkqOJ1yAhfaOqUfqiQa3LvZ8CyE2RKXtHRk="},"indexInfo":{"baseKey":"BQgWI4w+qtlses6TeUB8yOb8NXGN/zEIPYl6nExC3LJH","baseKeyType":1,"closed":-1,"used":1733200672649,"created":1733200672649,"remoteIdentityKey":"Ba83YRTXZaLAXOHqbooBAYqMMtFKNgC0x+8E4hFvLckw"},"_chains":{"BcF8hGwswYY9rgsBBdf3nYYFEDvj2sUo+Fm947N/5sFb":{"chainKey":{"counter":61,"key":"VG1EG6iw/y7BHdDmIdA04mul+lwfxcPmDwX85SnkS94="},"chainType":1,"messageKeys":{}}},"pendingPreKey":{"signedKeyId":1,"baseKey":"BQgWI4w+qtlses6TeUB8yOb8NXGN/zEIPYl6nExC3LJH"}}},"version":"v1"}