{"_sessions":{"BZL3NGcYYCol4UJNCQ1uRPovZYBnxcBS72/kUdOddzBM":{"registrationId":1456251525,"currentRatchet":{"ephemeralKeyPair":{"pubKey":"Bby3htdxaL5jqAWxJRhu3SNLe6RuwGOVQlpwAH8J3LIR","privKey":"QI6KuoSeu2KYibpUNH8E+HnL6mK5Cehtr8EM+Txtbko="},"lastRemoteEphemeralKey":"BQb2rmTU3qi7dQqMv3fCSDjqFQTFYwtfw3aXFv22ywEd","previousCounter":0,"rootKey":"o7aUq5Qv+DQ5sYNiWomPO7PAFYU4faL5I+CfFMGxUoE="},"indexInfo":{"baseKey":"BZL3NGcYYCol4UJNCQ1uRPovZYBnxcBS72/kUdOddzBM","baseKeyType":2,"closed":-1,"used":1733380086346,"created":1733199702862,"remoteIdentityKey":"BU1dz5BfmVBKfkaaPhjTaalMsD086KyXtd7xwM33GEYb"},"_chains":{"BdaYQ3dwBy67VpmT3KsljoAxyDs4ZLqafkgExlWurBAL":{"chainKey":{"counter":0},"chainType":2,"messageKeys":{}},"BdXu6OTXCHYIHjRDjqv/7oyDdTCXVCaeRd+ViJFhNIAv":{"chainKey":{"counter":0},"chainType":2,"messageKeys":{}},"BdH0+xX7c3kCy2ENm+rQRIgGnsV+L3DAEur2FuoR2dIM":{"chainKey":{"counter":1},"chainType":2,"messageKeys":{}},"Bd92PwFSqttI15TTDO9Qo/7y3+hZ3riv3Djugdgbcd4g":{"chainKey":{"counter":1},"chainType":2,"messageKeys":{}},"BS5RTxEXPtDcE3IdU4sTtS+Z23YkD1nXJIyUA4Z+Ae9B":{"chainKey":{"counter":1},"chainType":2,"messageKeys":{}},"Bfy5Z6tEqYK4e5xd1i8MQ2QIz3c/Kzdf94e+KDEBDHAB":{"chainKey":{"counter":1},"chainType":2,"messageKeys":{}},"BYwLCYAVFOgHvGlOG63a1WyAjs6rb688qL3+BwYgfHop":{"chainKey":{"counter":1},"chainType":2,"messageKeys":{}},"BR1wd9upo8LnxsHaG1N7jCIZZCNRiZUu2bBAvRQ60OQQ":{"chainKey":{"counter":1},"chainType":2,"messageKeys":{}},"BZ+5DxzS/cpcRPMWB1ximyiPXwRmuqTm7k833M4Km/9+":{"chainKey":{"counter":1},"chainType":2,"messageKeys":{}},"BderPwC08sZ4NUJb2GZtCd+w5ryqvcx3DIvS9rkwy2QL":{"chainKey":{"counter":0},"chainType":2,"messageKeys":{}},"BVc+Tob6Hz0oshihag2P2ctE0R3AoP3sBkydJ5KO0NoG":{"chainKey":{"counter":0},"chainType":2,"messageKeys":{}},"BaWyDG5gggPG/OJkqKBK5T/ZVNlptK00s7B9LHM7Ky80":{"chainKey":{"counter":0},"chainType":2,"messageKeys":{}},"BfUhyebuDJ8DRTV5GyIT5hCJmC4AxnGmfN3W6HzizN8c":{"chainKey":{"counter":1},"chainType":2,"messageKeys":{}},"BZE+lVyUDNWMLn+j/JJJ+eMuwc30km3hxnRllc01tYot":{"chainKey":{"counter":1},"chainType":2,"messageKeys":{}},"BQb2rmTU3qi7dQqMv3fCSDjqFQTFYwtfw3aXFv22ywEd":{"chainKey":{"counter":0,"key":"Yszrow5YRelSdAmzpmaQM4n1dsukvWquYoKrlE5Xb28="},"chainType":2,"messageKeys":{}},"Bby3htdxaL5jqAWxJRhu3SNLe6RuwGOVQlpwAH8J3LIR":{"chainKey":{"counter":-1,"key":"PwYtTfSZC7MkIYv5mwl28j+4RsG2mokCkPSoW7L2TBE="},"chainType":1,"messageKeys":{}}}}},"version":"v1"}