{"_sessions":{"BSbCzi/hfNsecH1B3Di9WcohiaDJPLhk/V0Hx+6tu9p/":{"registrationId":1508236891,"currentRatchet":{"ephemeralKeyPair":{"pubKey":"BROSa/l5UZE6NKkL02Vd9nIuGHWhv0yf975InJIou7x0","privKey":"0EBY+R9T4YKNAm0TPkvdZHIsGCwy3tu/yBU6qInq73Q="},"lastRemoteEphemeralKey":"BT2zS7XBpgieCQcUdbE6LC25thgZOP8tSOaEV0st5B8g","previousCounter":0,"rootKey":"N5BgUWkmjnBLH3fVqp6m1ojtfRx8jJ62yObyYU5j5aU="},"indexInfo":{"baseKey":"BSbCzi/hfNsecH1B3Di9WcohiaDJPLhk/V0Hx+6tu9p/","baseKeyType":2,"closed":-1,"used":1733379989634,"created":1733199591944,"remoteIdentityKey":"BVAetOySSYhKPUL/qp0RR6Mxs6OtFLkCXCVYvzNqru9f"},"_chains":{"BQXbMEA0cJlEqa3Nm56u285Ph813qQl/aW9hOJFWWUxV":{"chainKey":{"counter":8},"chainType":2,"messageKeys":{}},"BemGMOeGirQKdVccJDJhQvBDIQwHJMkTXGdtecuPMG95":{"chainKey":{"counter":1},"chainType":2,"messageKeys":{}},"BT2zS7XBpgieCQcUdbE6LC25thgZOP8tSOaEV0st5B8g":{"chainKey":{"counter":0,"key":"ZsvRJEubKU+AtyPPHSE22VRSGGVeuiNXYyKFikhCKUc="},"chainType":2,"messageKeys":{}},"BROSa/l5UZE6NKkL02Vd9nIuGHWhv0yf975InJIou7x0":{"chainKey":{"counter":3,"key":"QgznwrRko0aetyH6ZQSZQywVlK9/nYfEASpOAVxdrXw="},"chainType":1,"messageKeys":{}}}}},"version":"v1"}