{"_sessions":{"BXuPZx/h1xJDuYqACct/AqzOrOcXLFuP6gTKgWkCDCY8":{"registrationId":1092669987,"currentRatchet":{"ephemeralKeyPair":{"pubKey":"BQSvcJOFe4JSLjqfs4AJD9rq/TJjmn/TrFf8KGCvGH4m","privKey":"sNezxXxpLosge0+P6LCb+FUlZ9W+TmlT8rvRrjMYJGA="},"lastRemoteEphemeralKey":"Bdqwv7KWVDcBtUbskyoBB8DDj9+FNmoCCQr4f48uK6UA","previousCounter":0,"rootKey":"bLMsQyFwrR+9GXtgph1oTqbYwXbALibeFn7HzrYvI1g="},"indexInfo":{"baseKey":"BXuPZx/h1xJDuYqACct/AqzOrOcXLFuP6gTKgWkCDCY8","baseKeyType":2,"closed":-1,"used":1733200566160,"created":1733200566160,"remoteIdentityKey":"Ba/qUi47+zWfzEg1Rjw5euoC04tVt5LgZlrxioAWBy4P"},"_chains":{"Bdqwv7KWVDcBtUbskyoBB8DDj9+FNmoCCQr4f48uK6UA":{"chainKey":{"counter":18,"key":"WBfeWSnYj/H8eg5dRBwcFYFdtv9093MIer/MVSB8khM="},"chainType":2,"messageKeys":{"7":"k+iCOX9wYUX8t3P40dhXdcdSiCblNZX4BcYplJXcZ4U=","8":"za5cKMKzoiXpP0JvTYyLQFD2aa/KpcMjrzvG6ukaA98=","9":"QsqMYhNBujhDaDIKxpPfYLImtpk7k483sUQhJnEruRQ=","10":"cy3zMvrKs6amQEm3BvdlmVsoIAg8+wyrUtnKjT5xVvg=","11":"uW1D6ZrLpGrK35nrRiPck3IblxcJ19ouR/5kOyghQcU=","12":"RkxRf6w+YrugQgubbRZGYddQMsz87DAzaWrjy2HwPGA="}},"BQSvcJOFe4JSLjqfs4AJD9rq/TJjmn/TrFf8KGCvGH4m":{"chainKey":{"counter":-1,"key":"yetQ1+LZ0jNqLuyyrrCrLBd5P4yGWsdewoLVC3R5Foo="},"chainType":1,"messageKeys":{}}}}},"version":"v1"}