{"_sessions":{"BQUtfxU125cRdg0C6jsVstpJAGmLOndHN9u7iZwkK54Z":{"registrationId":80,"currentRatchet":{"ephemeralKeyPair":{"pubKey":"BbgbhQLy92wVUfIqOBI86b5eM1fUYV4m80tJQmRF6LVt","privKey":"aECWgk90Eah9iXoeXlNKSs0bS7CSE629goI6OQfEYEk="},"lastRemoteEphemeralKey":"BWS1oX3hZiTD02qUKfLXRlDhra7KEEY9srR2vyNuyTtb","previousCounter":0,"rootKey":"y6wdyXLBHQD8pHhkb2FqGPZr8yhv/6Qni6Z1zaF5+Tk="},"indexInfo":{"baseKey":"BQUtfxU125cRdg0C6jsVstpJAGmLOndHN9u7iZwkK54Z","baseKeyType":1,"closed":1733200678745,"used":1733199706432,"created":1733199706432,"remoteIdentityKey":"BcKRFZwfvS/lQhKUlqEk49ycoXrnIpQvPuGTtkGCSJcz"},"_chains":{"BbgbhQLy92wVUfIqOBI86b5eM1fUYV4m80tJQmRF6LVt":{"chainKey":{"counter":3,"key":"Ew8Kepcc+l02PgrTq4KbMA8rdiOA05ijBcqzBQ+yjtA="},"chainType":1,"messageKeys":{}}},"pendingPreKey":{"signedKeyId":1,"baseKey":"BQUtfxU125cRdg0C6jsVstpJAGmLOndHN9u7iZwkK54Z","preKeyId":16}},"BSB6M1VEjCH8l7CRswnjUL7PHd61O3I3L8qU6AIo60FU":{"registrationId":80,"currentRatchet":{"ephemeralKeyPair":{"pubKey":"BeWziNGFpSyUknY7tNsxn5/K46bAkZ9rSIJD/Gs/Ab1L","privKey":"GPkFFEF/Tp31LLS2GDLQwdZW/XrVXACgVdUTEHsc91w="},"lastRemoteEphemeralKey":"BWS1oX3hZiTD02qUKfLXRlDhra7KEEY9srR2vyNuyTtb","previousCounter":0,"rootKey":"W/BuQv0BppCgQeH78YJmNFTGDj6Gk4jNWDX0QJv0IC4="},"indexInfo":{"baseKey":"BSB6M1VEjCH8l7CRswnjUL7PHd61O3I3L8qU6AIo60FU","baseKeyType":1,"closed":1733200729927,"used":1733200678736,"created":1733200678736,"remoteIdentityKey":"BcKRFZwfvS/lQhKUlqEk49ycoXrnIpQvPuGTtkGCSJcz"},"_chains":{"BeWziNGFpSyUknY7tNsxn5/K46bAkZ9rSIJD/Gs/Ab1L":{"chainKey":{"counter":1,"key":"fqe9uk4SCXE2BOrh1P8ZaPyevCCL5ITJpSfqmXItBvY="},"chainType":1,"messageKeys":{}}},"pendingPreKey":{"signedKeyId":1,"baseKey":"BSB6M1VEjCH8l7CRswnjUL7PHd61O3I3L8qU6AIo60FU","preKeyId":28}},"BYXmGuQHl+lNQNYL/J/iGiAu+MvFNlsGveFoupAZTHkv":{"registrationId":80,"currentRatchet":{"ephemeralKeyPair":{"pubKey":"BTv5bFZrQYk/7oZG2fH86XJNqBm4WC2VN0f1KptbQrRN","privKey":"KDsSqhRawu5ayQJkkclrgWpx1+bN9ymMXFhABZtPZEw="},"lastRemoteEphemeralKey":"BWS1oX3hZiTD02qUKfLXRlDhra7KEEY9srR2vyNuyTtb","previousCounter":0,"rootKey":"omGW84L/MtPyb42t/y6sUnD6ySkxBZkaz5nKfFrc9Nk="},"indexInfo":{"baseKey":"BYXmGuQHl+lNQNYL/J/iGiAu+MvFNlsGveFoupAZTHkv","baseKeyType":1,"closed":1733200765396,"used":1733200729924,"created":1733200729924,"remoteIdentityKey":"BcKRFZwfvS/lQhKUlqEk49ycoXrnIpQvPuGTtkGCSJcz"},"_chains":{"BTv5bFZrQYk/7oZG2fH86XJNqBm4WC2VN0f1KptbQrRN":{"chainKey":{"counter":-1,"key":"CKCfvcGp2hSJ4UNLw6NXP2rhF72a7GHCHE/JKsdOZIs="},"chainType":1,"messageKeys":{}}},"pendingPreKey":{"signedKeyId":1,"baseKey":"BYXmGuQHl+lNQNYL/J/iGiAu+MvFNlsGveFoupAZTHkv","preKeyId":23}},"BYDYHvqIVI8qf5Twirx+Ft66uZztE7YeTjZrgCmtZjBj":{"registrationId":80,"currentRatchet":{"ephemeralKeyPair":{"pubKey":"BRx0fgWm8++JSG+QOpzqJvaW8qJlTp6zyEBZZj6RQRtl","privKey":"QDXPRzs0Gqbcre/20qEl/xRvXI2BsguAUyJx9lfKtk8="},"lastRemoteEphemeralKey":"BWS1oX3hZiTD02qUKfLXRlDhra7KEEY9srR2vyNuyTtb","previousCounter":0,"rootKey":"MKZrTwrtjzsL4rL8zBMCYrWmca/RVGO6g3ra0U6v1DM="},"indexInfo":{"baseKey":"BYDYHvqIVI8qf5Twirx+Ft66uZztE7YeTjZrgCmtZjBj","baseKeyType":1,"closed":1733200853019,"used":1733200765393,"created":1733200765393,"remoteIdentityKey":"BcKRFZwfvS/lQhKUlqEk49ycoXrnIpQvPuGTtkGCSJcz"},"_chains":{"BRx0fgWm8++JSG+QOpzqJvaW8qJlTp6zyEBZZj6RQRtl":{"chainKey":{"counter":2,"key":"ireGGRUQmQlYWW0K/p9jy8hpc1TOqac/bZ+lNXR1+Tg="},"chainType":1,"messageKeys":{}}},"pendingPreKey":{"signedKeyId":1,"baseKey":"BYDYHvqIVI8qf5Twirx+Ft66uZztE7YeTjZrgCmtZjBj","preKeyId":8}},"BXbi+tHkbRUu4UsKlo6rwlkkLyE/HZ7M/lLJbaxtmZMm":{"registrationId":80,"currentRatchet":{"ephemeralKeyPair":{"pubKey":"BU01pB8XDWT5tX3FnDVZqC79VwDl66ttA0p10GaqfhMr","privKey":"OObls3ky/4LOtq0oLq51PBYvmV5FDIGcb4ooA6B5/E8="},"lastRemoteEphemeralKey":"BWS1oX3hZiTD02qUKfLXRlDhra7KEEY9srR2vyNuyTtb","previousCounter":0,"rootKey":"+6wTFoDqqv1XXhzOkZOtBVD9Kk1wKqdg+vgHuevv/pA="},"indexInfo":{"baseKey":"BXbi+tHkbRUu4UsKlo6rwlkkLyE/HZ7M/lLJbaxtmZMm","baseKeyType":1,"closed":1733200959399,"used":1733200853016,"created":1733200853016,"remoteIdentityKey":"BcKRFZwfvS/lQhKUlqEk49ycoXrnIpQvPuGTtkGCSJcz"},"_chains":{"BU01pB8XDWT5tX3FnDVZqC79VwDl66ttA0p10GaqfhMr":{"chainKey":{"counter":2,"key":"sdja5Grezx0ell8+RwYTjOX+l9iC4Ueo0kCXYtu2tew="},"chainType":1,"messageKeys":{}}},"pendingPreKey":{"signedKeyId":1,"baseKey":"BXbi+tHkbRUu4UsKlo6rwlkkLyE/HZ7M/lLJbaxtmZMm","preKeyId":27}},"Bc1m1KqTTgFqCiKNGVV4jHWNYF1VMXuEUytrNmjOZbZ3":{"registrationId":80,"currentRatchet":{"ephemeralKeyPair":{"pubKey":"BXnUxrykQDALXk2DmtS2EnV0lNmmF1xJ4xfith2gJp1P","privKey":"yBph+w6x2Az3ASMyANSqnhyulKyQ+45UznpxyMNIvEM="},"lastRemoteEphemeralKey":"BWS1oX3hZiTD02qUKfLXRlDhra7KEEY9srR2vyNuyTtb","previousCounter":0,"rootKey":"ApguKfx+NTyukPBYg07QKWYfpaDhrW0cedmiR/yUfgw="},"indexInfo":{"baseKey":"Bc1m1KqTTgFqCiKNGVV4jHWNYF1VMXuEUytrNmjOZbZ3","baseKeyType":1,"closed":1733201030259,"used":1733200959394,"created":1733200959394,"remoteIdentityKey":"BcKRFZwfvS/lQhKUlqEk49ycoXrnIpQvPuGTtkGCSJcz"},"_chains":{"BXnUxrykQDALXk2DmtS2EnV0lNmmF1xJ4xfith2gJp1P":{"chainKey":{"counter":-1,"key":"dur6oYdUyhOzLIM3g256RdveEEshV5gSF0TBs5iN3Ek="},"chainType":1,"messageKeys":{}}},"pendingPreKey":{"signedKeyId":1,"baseKey":"Bc1m1KqTTgFqCiKNGVV4jHWNYF1VMXuEUytrNmjOZbZ3","preKeyId":18}},"BYKfDbBybmMTfWcICzMF7smTDv+LRVc5QJzQAAu4E01Z":{"registrationId":80,"currentRatchet":{"ephemeralKeyPair":{"pubKey":"BWfWQoyoGw5wesdR9WHo+97EIKwkJM1gwpUT/kJVXVoU","privKey":"MIijkm8rgntRWCIMpgvViQmhwrYu9/1hJ/DnB8Mwjlo="},"lastRemoteEphemeralKey":"BWS1oX3hZiTD02qUKfLXRlDhra7KEEY9srR2vyNuyTtb","previousCounter":0,"rootKey":"AzrY4nidFq9IqjV1MslczZbUDM/bNxSzBQAbeURx2og="},"indexInfo":{"baseKey":"BYKfDbBybmMTfWcICzMF7smTDv+LRVc5QJzQAAu4E01Z","baseKeyType":1,"closed":1733201166916,"used":1733201030256,"created":1733201030256,"remoteIdentityKey":"BcKRFZwfvS/lQhKUlqEk49ycoXrnIpQvPuGTtkGCSJcz"},"_chains":{"BWfWQoyoGw5wesdR9WHo+97EIKwkJM1gwpUT/kJVXVoU":{"chainKey":{"counter":0,"key":"NnogQhZL0dXIcj1JvEdrZrr1iPjlJ/+pJY/0nMC+OBI="},"chainType":1,"messageKeys":{}}},"pendingPreKey":{"signedKeyId":1,"baseKey":"BYKfDbBybmMTfWcICzMF7smTDv+LRVc5QJzQAAu4E01Z"}},"BXRHoDi6cn6hWMTcus/8w228jMI/v06Smu8e5FS0VfYP":{"registrationId":80,"currentRatchet":{"ephemeralKeyPair":{"pubKey":"BbkfEugiZrfHv22kGwXkkVA/+HWOtahkGq6Xy+5sazgi","privKey":"QBSd2VR3/qkAiZ4fyJ151+o3UiUPi/P2Ui/CswC36Hs="},"lastRemoteEphemeralKey":"BWS1oX3hZiTD02qUKfLXRlDhra7KEEY9srR2vyNuyTtb","previousCounter":0,"rootKey":"RiS7YbnQoSVPYMl+Z+O9RHCyqq6UzOhAT8opfAYlA1c="},"indexInfo":{"baseKey":"BXRHoDi6cn6hWMTcus/8w228jMI/v06Smu8e5FS0VfYP","baseKeyType":1,"closed":1733201237826,"used":1733201166911,"created":1733201166911,"remoteIdentityKey":"BcKRFZwfvS/lQhKUlqEk49ycoXrnIpQvPuGTtkGCSJcz"},"_chains":{"BbkfEugiZrfHv22kGwXkkVA/+HWOtahkGq6Xy+5sazgi":{"chainKey":{"counter":1,"key":"LAgijgAk+Jxp2dCRd2J3/3n16eCbLgYy25TYuIqSh+Y="},"chainType":1,"messageKeys":{}}},"pendingPreKey":{"signedKeyId":1,"baseKey":"BXRHoDi6cn6hWMTcus/8w228jMI/v06Smu8e5FS0VfYP"}},"BT3vnis82lR5ir3DmDQRRWCA+MKdrMNVexl66ppKbVAd":{"registrationId":80,"currentRatchet":{"ephemeralKeyPair":{"pubKey":"Bbl4SPTQ3tQ4Yx/ya3DZ4ICZ1osLXSUiDH54bZJnifpz","privKey":"AEU/RfXrjXZme08nhvbU9GL0QPYeOOPnBLJKC+3R5UY="},"lastRemoteEphemeralKey":"BWS1oX3hZiTD02qUKfLXRlDhra7KEEY9srR2vyNuyTtb","previousCounter":0,"rootKey":"/eZATg/t48+Z/DwWlKg53FkMqys73JXyvd6a290vHV0="},"indexInfo":{"baseKey":"BT3vnis82lR5ir3DmDQRRWCA+MKdrMNVexl66ppKbVAd","baseKeyType":1,"closed":1733201308781,"used":1733201237823,"created":1733201237823,"remoteIdentityKey":"BcKRFZwfvS/lQhKUlqEk49ycoXrnIpQvPuGTtkGCSJcz"},"_chains":{"Bbl4SPTQ3tQ4Yx/ya3DZ4ICZ1osLXSUiDH54bZJnifpz":{"chainKey":{"counter":-1,"key":"cgHrPJmiihDCxEAHZ+m8FupmIfCPzDt6p01ZmiJU0UI="},"chainType":1,"messageKeys":{}}},"pendingPreKey":{"signedKeyId":1,"baseKey":"BT3vnis82lR5ir3DmDQRRWCA+MKdrMNVexl66ppKbVAd"}},"BbZwqUWi+4qZfPWOSxEeyKLW/5W8hspMQolnJlTLmK9l":{"registrationId":80,"currentRatchet":{"ephemeralKeyPair":{"pubKey":"Bfz4se776ldPmo1ECm2OJ/kB6+BfyomCwHbj5gxFRnx8","privKey":"ME/2oKUnSwtPBPHANetoKyUDiXUTTOJhQ8SpPy4qLlo="},"lastRemoteEphemeralKey":"BWS1oX3hZiTD02qUKfLXRlDhra7KEEY9srR2vyNuyTtb","previousCounter":0,"rootKey":"lgl3oCr0flKJlpUusm9RX1e53z3EKr3WxHNoloRdp+c="},"indexInfo":{"baseKey":"BbZwqUWi+4qZfPWOSxEeyKLW/5W8hspMQolnJlTLmK9l","baseKeyType":1,"closed":1733201542239,"used":1733201308779,"created":1733201308779,"remoteIdentityKey":"BcKRFZwfvS/lQhKUlqEk49ycoXrnIpQvPuGTtkGCSJcz"},"_chains":{"Bfz4se776ldPmo1ECm2OJ/kB6+BfyomCwHbj5gxFRnx8":{"chainKey":{"counter":3,"key":"6e09qDoZKc/tnCnjLLl+TTfQ3XYZeMjACjVhAe4YGs0="},"chainType":1,"messageKeys":{}}},"pendingPreKey":{"signedKeyId":1,"baseKey":"BbZwqUWi+4qZfPWOSxEeyKLW/5W8hspMQolnJlTLmK9l"}},"BYF5/QV9rFEW2Cu6N29MBeojS1v3LcJDEuMTIN63+EdR":{"registrationId":80,"currentRatchet":{"ephemeralKeyPair":{"pubKey":"BfVWkmSug/1wutmcwSaY7ixzHrRcmmkGv7mKNaNULk4E","privKey":"UNkjDmvWNN4MSsA8+KAe06QAEwIB/Nw00BAjoto65mc="},"lastRemoteEphemeralKey":"BWS1oX3hZiTD02qUKfLXRlDhra7KEEY9srR2vyNuyTtb","previousCounter":0,"rootKey":"+RZvGijKJm2a4Sb9SpHciokklPgmb8W78WKVNzDVctc="},"indexInfo":{"baseKey":"BYF5/QV9rFEW2Cu6N29MBeojS1v3LcJDEuMTIN63+EdR","baseKeyType":1,"closed":1733201612811,"used":1733201542235,"created":1733201542235,"remoteIdentityKey":"BcKRFZwfvS/lQhKUlqEk49ycoXrnIpQvPuGTtkGCSJcz"},"_chains":{"BfVWkmSug/1wutmcwSaY7ixzHrRcmmkGv7mKNaNULk4E":{"chainKey":{"counter":3,"key":"kKhY8dzl2kSkYWzEsgxtu2QEKxmFeHIMhcvbqeq7eIE="},"chainType":1,"messageKeys":{}}},"pendingPreKey":{"signedKeyId":1,"baseKey":"BYF5/QV9rFEW2Cu6N29MBeojS1v3LcJDEuMTIN63+EdR"}},"BaBAjEVvCUw1CG7K7r3EY1J78l7bV+3CBRwET2kknYc7":{"registrationId":80,"currentRatchet":{"ephemeralKeyPair":{"pubKey":"BRD9S8TmZo+cVnmMWYwlHdb/8iQ9HZAP+Zzc4Mtovk0i","privKey":"0HV+nDjQLvLi4YMfO8KbU9TXHKI6VK14q2mXR79nT1Y="},"lastRemoteEphemeralKey":"BWS1oX3hZiTD02qUKfLXRlDhra7KEEY9srR2vyNuyTtb","previousCounter":0,"rootKey":"jmAi+chxhxlQ1Ba/PnBRVD/SRB/idcL4NazTiQeHCzc="},"indexInfo":{"baseKey":"BaBAjEVvCUw1CG7K7r3EY1J78l7bV+3CBRwET2kknYc7","baseKeyType":1,"closed":1733201875803,"used":1733201612808,"created":1733201612808,"remoteIdentityKey":"BcKRFZwfvS/lQhKUlqEk49ycoXrnIpQvPuGTtkGCSJcz"},"_chains":{"BRD9S8TmZo+cVnmMWYwlHdb/8iQ9HZAP+Zzc4Mtovk0i":{"chainKey":{"counter":0,"key":"EXZZ8l7aAyj+SeoVjTNDvOC4jM0aW6Ke+anSHy22+Sg="},"chainType":1,"messageKeys":{}}},"pendingPreKey":{"signedKeyId":1,"baseKey":"BaBAjEVvCUw1CG7K7r3EY1J78l7bV+3CBRwET2kknYc7"}},"BQmLD88GKdHqOVvralOaZeEMXnZpeFj7wIdA7Ces/F8M":{"registrationId":80,"currentRatchet":{"ephemeralKeyPair":{"pubKey":"BS221Ah1/MdX8mViaS2urIG+iaWb5mWUSwIgP2e8r6lh","privKey":"IE+xBtJ4zUiDctoXafA2XlM651i03+KGdmvJa3C9Tnw="},"lastRemoteEphemeralKey":"BWS1oX3hZiTD02qUKfLXRlDhra7KEEY9srR2vyNuyTtb","previousCounter":0,"rootKey":"qyJhz8KPFB+BhUx7y7J4jyimTrN9koNEdc1JZ6u1wFc="},"indexInfo":{"baseKey":"BQmLD88GKdHqOVvralOaZeEMXnZpeFj7wIdA7Ces/F8M","baseKeyType":1,"closed":1733201982139,"used":1733201875800,"created":1733201875800,"remoteIdentityKey":"BcKRFZwfvS/lQhKUlqEk49ycoXrnIpQvPuGTtkGCSJcz"},"_chains":{"BS221Ah1/MdX8mViaS2urIG+iaWb5mWUSwIgP2e8r6lh":{"chainKey":{"counter":-1,"key":"LNnRxTuTaCVk3xL8jHiDggF/7XcrRaySdQ9ikeUv59E="},"chainType":1,"messageKeys":{}}},"pendingPreKey":{"signedKeyId":1,"baseKey":"BQmLD88GKdHqOVvralOaZeEMXnZpeFj7wIdA7Ces/F8M"}},"BVhy4BkBBGXVizVqkZC6LsAB5WumP7iiD7EJXGJ4sagk":{"registrationId":80,"currentRatchet":{"ephemeralKeyPair":{"pubKey":"Bb2r2hHHSJpQOxduVJTfDIYZf3CQxx4kseI2sNWl5W8o","privKey":"mCTzZAA4qwgeq440+/i9a+d30bY0uQYDfPS5tMnIGlg="},"lastRemoteEphemeralKey":"BWS1oX3hZiTD02qUKfLXRlDhra7KEEY9srR2vyNuyTtb","previousCounter":0,"rootKey":"3Qbrxc/SElwv+lnpGLSpvRa0Pds3ZuAXqEKXHFL5UmY="},"indexInfo":{"baseKey":"BVhy4BkBBGXVizVqkZC6LsAB5WumP7iiD7EJXGJ4sagk","baseKeyType":1,"closed":1733203180990,"used":1733201982136,"created":1733201982136,"remoteIdentityKey":"BcKRFZwfvS/lQhKUlqEk49ycoXrnIpQvPuGTtkGCSJcz"},"_chains":{"Bb2r2hHHSJpQOxduVJTfDIYZf3CQxx4kseI2sNWl5W8o":{"chainKey":{"counter":6,"key":"g1WALUcVhZ+HSFDI4E6vyf4Q2gPCyLw18OxUEugnBbo="},"chainType":1,"messageKeys":{}}},"pendingPreKey":{"signedKeyId":1,"baseKey":"BVhy4BkBBGXVizVqkZC6LsAB5WumP7iiD7EJXGJ4sagk"}},"BZlcrt1UahlSKfBIYEo2juKz5Z2nd7YMTmYAKDA9R70g":{"registrationId":80,"currentRatchet":{"ephemeralKeyPair":{"pubKey":"BQ1n1S1b30GxP9PPlv+7ru7181c+y5wt73bS80x1rBsu","privKey":"WAZ40s4QpabIY3jo0NkcNjl/bWFNIiaUPgUDH1VukVw="},"lastRemoteEphemeralKey":"BWS1oX3hZiTD02qUKfLXRlDhra7KEEY9srR2vyNuyTtb","previousCounter":0,"rootKey":"K/ByWoWs3ZD1WvMi+HzKQm7QWNDggyV9swbZEzztDyY="},"indexInfo":{"baseKey":"BZlcrt1UahlSKfBIYEo2juKz5Z2nd7YMTmYAKDA9R70g","baseKeyType":1,"closed":1733203423549,"used":1733203180983,"created":1733203180983,"remoteIdentityKey":"BcKRFZwfvS/lQhKUlqEk49ycoXrnIpQvPuGTtkGCSJcz"},"_chains":{"BQ1n1S1b30GxP9PPlv+7ru7181c+y5wt73bS80x1rBsu":{"chainKey":{"counter":1,"key":"dM2caz8VaZpye6cSTdsJqVNmdLwvVAGTJ4USH3qRjK8="},"chainType":1,"messageKeys":{}}},"pendingPreKey":{"signedKeyId":1,"baseKey":"BZlcrt1UahlSKfBIYEo2juKz5Z2nd7YMTmYAKDA9R70g"}},"BcyTcqNHOZ3rUs7nac7gkJvq3SglBnjy/yTCRsd3vrxq":{"registrationId":80,"currentRatchet":{"ephemeralKeyPair":{"pubKey":"BYkO2nBGBxZEPs4pyrhQpX/mDA+AS4vAzTKVen+wyRFJ","privKey":"GIBwWN+khOEyC1SA/lNTwuZ7gGqnsZKqmyChfcCmeG8="},"lastRemoteEphemeralKey":"BWS1oX3hZiTD02qUKfLXRlDhra7KEEY9srR2vyNuyTtb","previousCounter":0,"rootKey":"nze4g6x9nlczaCo8P2Koq2Ik8Z4GLafCOpQ5U4b5KQU="},"indexInfo":{"baseKey":"BcyTcqNHOZ3rUs7nac7gkJvq3SglBnjy/yTCRsd3vrxq","baseKeyType":1,"closed":1733203760243,"used":1733203423542,"created":1733203423542,"remoteIdentityKey":"BcKRFZwfvS/lQhKUlqEk49ycoXrnIpQvPuGTtkGCSJcz"},"_chains":{"BYkO2nBGBxZEPs4pyrhQpX/mDA+AS4vAzTKVen+wyRFJ":{"chainKey":{"counter":0,"key":"rFURq/JzfIYFYKiROx5eSTXIhSl0g6JMVcV2ylz2es0="},"chainType":1,"messageKeys":{}}},"pendingPreKey":{"signedKeyId":1,"baseKey":"BcyTcqNHOZ3rUs7nac7gkJvq3SglBnjy/yTCRsd3vrxq"}},"BUr8MfMJc0pmjIH2WgxTA1ce5OB99H8Uc+bZXZfY5I9N":{"registrationId":80,"currentRatchet":{"ephemeralKeyPair":{"pubKey":"BSXx9rWtSPbE77IA30InkF+EPG+ituwSOqx1LoD7UGp1","privKey":"gEUyILGldx8ehYVTYGNDZS2HXnKSD6+Blsad5r1x+Ek="},"lastRemoteEphemeralKey":"BWS1oX3hZiTD02qUKfLXRlDhra7KEEY9srR2vyNuyTtb","previousCounter":0,"rootKey":"R+lGyamfFTplDxHRTgxx4IWogfkO0dSuZrfu0klPBfA="},"indexInfo":{"baseKey":"BUr8MfMJc0pmjIH2WgxTA1ce5OB99H8Uc+bZXZfY5I9N","baseKeyType":1,"closed":1733204125484,"used":1733203760238,"created":1733203760238,"remoteIdentityKey":"BcKRFZwfvS/lQhKUlqEk49ycoXrnIpQvPuGTtkGCSJcz"},"_chains":{"BSXx9rWtSPbE77IA30InkF+EPG+ituwSOqx1LoD7UGp1":{"chainKey":{"counter":0,"key":"MgNO8fIIsW5s+hrOgI/+zwWfTRN33huiJnZHsEuQpLc="},"chainType":1,"messageKeys":{}}},"pendingPreKey":{"signedKeyId":1,"baseKey":"BUr8MfMJc0pmjIH2WgxTA1ce5OB99H8Uc+bZXZfY5I9N"}},"Bc5UVAdaJOzdE15AusocH0o9P73++rY+eaCA1CG8zvp9":{"registrationId":80,"currentRatchet":{"ephemeralKeyPair":{"pubKey":"BTRIOreiPSXYrN6dZc/CsgqVsXSjvnLUEMP5K44zil8a","privKey":"uCS7kpW4/zpilw+ezYoLrL0BChb4bZEN+3YARcsNlHk="},"lastRemoteEphemeralKey":"BWS1oX3hZiTD02qUKfLXRlDhra7KEEY9srR2vyNuyTtb","previousCounter":0,"rootKey":"mOhXoKeNpeYVn4Yuy53FWFZw4KTo9+/wCWyP0CkBiSA="},"indexInfo":{"baseKey":"Bc5UVAdaJOzdE15AusocH0o9P73++rY+eaCA1CG8zvp9","baseKeyType":1,"closed":1733204761853,"used":1733204125479,"created":1733204125479,"remoteIdentityKey":"BcKRFZwfvS/lQhKUlqEk49ycoXrnIpQvPuGTtkGCSJcz"},"_chains":{"BTRIOreiPSXYrN6dZc/CsgqVsXSjvnLUEMP5K44zil8a":{"chainKey":{"counter":6,"key":"CyWh+HcYwUK8Esmm1t2ZJAaNgSMXIWYiH3DVQfnKoY0="},"chainType":1,"messageKeys":{}}},"pendingPreKey":{"signedKeyId":1,"baseKey":"Bc5UVAdaJOzdE15AusocH0o9P73++rY+eaCA1CG8zvp9"}},"BfVFAnpwTjrSilFqeI48qZfY6duxZC5hpuiveKIA/n5D":{"registrationId":80,"currentRatchet":{"ephemeralKeyPair":{"pubKey":"BYU6H95PgNnGuDpjU9D+PNxSrMGPJR3PpVr65zANdsdG","privKey":"gCC/iALBm5y7ggLiukh8zcvvMKSDpnZXLIVHjUFaK3w="},"lastRemoteEphemeralKey":"BWS1oX3hZiTD02qUKfLXRlDhra7KEEY9srR2vyNuyTtb","previousCounter":0,"rootKey":"j45NBU1v4uE8tBAw9N47ripG1YP1lg+WuCueYHY0kvw="},"indexInfo":{"baseKey":"BfVFAnpwTjrSilFqeI48qZfY6duxZC5hpuiveKIA/n5D","baseKeyType":1,"closed":1733205500521,"used":1733204761849,"created":1733204761849,"remoteIdentityKey":"BcKRFZwfvS/lQhKUlqEk49ycoXrnIpQvPuGTtkGCSJcz"},"_chains":{"BYU6H95PgNnGuDpjU9D+PNxSrMGPJR3PpVr65zANdsdG":{"chainKey":{"counter":5,"key":"IWs0E46nQbOG6HImYkw9I7pPmYbqU55RPxS2fo8d+SE="},"chainType":1,"messageKeys":{}}},"pendingPreKey":{"signedKeyId":1,"baseKey":"BfVFAnpwTjrSilFqeI48qZfY6duxZC5hpuiveKIA/n5D"}},"Bfc6m5ep9yzQGWCpP2cg84XZQTkZ9GmxVwdgcHUg2zEc":{"registrationId":80,"currentRatchet":{"ephemeralKeyPair":{"pubKey":"BXtMTBPxVM93TLvxgKfSmqeWmV07uAlZDiCQrx3vo4Z6","privKey":"yE0qdQT9XvC1dhTn5IpSNwUXSVVq5rIqWQmvcxI9An8="},"lastRemoteEphemeralKey":"BWS1oX3hZiTD02qUKfLXRlDhra7KEEY9srR2vyNuyTtb","previousCounter":0,"rootKey":"l9vYQckulCMaA2Th5CWglW68ca1NjaZJr6DgmL0PkvI="},"indexInfo":{"baseKey":"Bfc6m5ep9yzQGWCpP2cg84XZQTkZ9GmxVwdgcHUg2zEc","baseKeyType":1,"closed":1733205631972,"used":1733205500515,"created":1733205500515,"remoteIdentityKey":"BcKRFZwfvS/lQhKUlqEk49ycoXrnIpQvPuGTtkGCSJcz"},"_chains":{"BXtMTBPxVM93TLvxgKfSmqeWmV07uAlZDiCQrx3vo4Z6":{"chainKey":{"counter":1,"key":"TiEoAUalRWZ1GVkAWb1CsHFMiOvbri0L/qqpaGhudAE="},"chainType":1,"messageKeys":{}}},"pendingPreKey":{"signedKeyId":1,"baseKey":"Bfc6m5ep9yzQGWCpP2cg84XZQTkZ9GmxVwdgcHUg2zEc"}},"BYMy5JTWeFvzzHoUWIlgBFijex+5flIFxfKvN5X4nMlt":{"registrationId":80,"currentRatchet":{"ephemeralKeyPair":{"pubKey":"BU5F6DR0vfWwj6d4ELHiahojprNrrEMtZak6ZsJzvnRP","privKey":"wDm92uxG0cCF2m0PIQ6X0vtz46NqFQI0FXwy+q2SUVk="},"lastRemoteEphemeralKey":"BWS1oX3hZiTD02qUKfLXRlDhra7KEEY9srR2vyNuyTtb","previousCounter":0,"rootKey":"drD5JjfCGeVLOGhVNxRKhVsrlVPncFszccEnELUwnxo="},"indexInfo":{"baseKey":"BYMy5JTWeFvzzHoUWIlgBFijex+5flIFxfKvN5X4nMlt","baseKeyType":1,"closed":1733205910490,"used":1733205631968,"created":1733205631968,"remoteIdentityKey":"BcKRFZwfvS/lQhKUlqEk49ycoXrnIpQvPuGTtkGCSJcz"},"_chains":{"BU5F6DR0vfWwj6d4ELHiahojprNrrEMtZak6ZsJzvnRP":{"chainKey":{"counter":3,"key":"elfAwT4BxmjdEiRj+uh5YygxvOc1ctsHAx3cj6+oM6I="},"chainType":1,"messageKeys":{}}},"pendingPreKey":{"signedKeyId":1,"baseKey":"BYMy5JTWeFvzzHoUWIlgBFijex+5flIFxfKvN5X4nMlt"}},"Bf3l3O4UNND19/pxn+T4s+LRj0600IRYq1GMZpDKvtAV":{"registrationId":80,"currentRatchet":{"ephemeralKeyPair":{"pubKey":"BdP3lYoAbBxY2mtjXm3OvuouYz71F8ek5IofBv2jQdFw","privKey":"oKTwzMovdmG9S9KYgYk9TE4Cb9S4dPBiwcvFgWBEB3o="},"lastRemoteEphemeralKey":"BWS1oX3hZiTD02qUKfLXRlDhra7KEEY9srR2vyNuyTtb","previousCounter":0,"rootKey":"18ByCtnWixfrfRg1f1KkJxihPvyatvofvlf7Zlo92XY="},"indexInfo":{"baseKey":"Bf3l3O4UNND19/pxn+T4s+LRj0600IRYq1GMZpDKvtAV","baseKeyType":1,"closed":1733207684614,"used":1733205910484,"created":1733205910484,"remoteIdentityKey":"BcKRFZwfvS/lQhKUlqEk49ycoXrnIpQvPuGTtkGCSJcz"},"_chains":{"BdP3lYoAbBxY2mtjXm3OvuouYz71F8ek5IofBv2jQdFw":{"chainKey":{"counter":11,"key":"2Hyv6xNe776p2Csyaya1Hh4WWxRFBsbkPc+IJqnoZpk="},"chainType":1,"messageKeys":{}}},"pendingPreKey":{"signedKeyId":1,"baseKey":"Bf3l3O4UNND19/pxn+T4s+LRj0600IRYq1GMZpDKvtAV"}},"BdxwCO65K06Md6P9dCwkk4H3vsYLyBIc4fOI9k5rxkQU":{"registrationId":80,"currentRatchet":{"ephemeralKeyPair":{"pubKey":"BdbeOqU1s8qwKm0zuurh+Z+0ET0Pf8FpxUAEM/jG478B","privKey":"8NjEeIr45vhvJRoc/EdT74jnInxBFexnWkCaeH4xYXk="},"lastRemoteEphemeralKey":"BWS1oX3hZiTD02qUKfLXRlDhra7KEEY9srR2vyNuyTtb","previousCounter":0,"rootKey":"0/fGx5fxLWJmVC2f9nj0PJtkPtV6Y8SXwXC6pWgZxnA="},"indexInfo":{"baseKey":"BdxwCO65K06Md6P9dCwkk4H3vsYLyBIc4fOI9k5rxkQU","baseKeyType":1,"closed":1733208096434,"used":1733207684572,"created":1733207684572,"remoteIdentityKey":"BcKRFZwfvS/lQhKUlqEk49ycoXrnIpQvPuGTtkGCSJcz"},"_chains":{"BdbeOqU1s8qwKm0zuurh+Z+0ET0Pf8FpxUAEM/jG478B":{"chainKey":{"counter":3,"key":"6D0Lnn0zXQ5Z27Xjq0EDhnG4Pq8a8+KU6JDspXL+SYs="},"chainType":1,"messageKeys":{}}},"pendingPreKey":{"signedKeyId":1,"baseKey":"BdxwCO65K06Md6P9dCwkk4H3vsYLyBIc4fOI9k5rxkQU"}},"BYdseK4nxhEaPVlVoufUy449VFOnJ4B5mFNOyPT7QK5o":{"registrationId":80,"currentRatchet":{"ephemeralKeyPair":{"pubKey":"BbDJMe9olSvnKo2Tr5RELfLjdtYLmmeamLr6Ui/nypEK","privKey":"8MP8S6WJp4fnpZjM0ksqu61829+1+3EiPORoWyedWkE="},"lastRemoteEphemeralKey":"BWS1oX3hZiTD02qUKfLXRlDhra7KEEY9srR2vyNuyTtb","previousCounter":0,"rootKey":"1TVxkcFj3zV7Egl09pBQeze5XakfEpHGMcIVv2HtoV8="},"indexInfo":{"baseKey":"BYdseK4nxhEaPVlVoufUy449VFOnJ4B5mFNOyPT7QK5o","baseKeyType":1,"closed":1733208445408,"used":1733208096423,"created":1733208096423,"remoteIdentityKey":"BcKRFZwfvS/lQhKUlqEk49ycoXrnIpQvPuGTtkGCSJcz"},"_chains":{"BbDJMe9olSvnKo2Tr5RELfLjdtYLmmeamLr6Ui/nypEK":{"chainKey":{"counter":0,"key":"Iw/6p1+IXpgktcx/puMSIIGD5GO1f3a6eqIagtTCecY="},"chainType":1,"messageKeys":{}}},"pendingPreKey":{"signedKeyId":1,"baseKey":"BYdseK4nxhEaPVlVoufUy449VFOnJ4B5mFNOyPT7QK5o"}},"Bb4ig6+p5FzIfMM/nE5q6M84QD0udT6SsTpYTs2WWe8H":{"registrationId":80,"currentRatchet":{"ephemeralKeyPair":{"pubKey":"BZC8LYYQJnuaoujXvhwkaSYutI/dyKvY35fd5TxL9/tp","privKey":"2KXJ+psWze5DtcJV2JKtxHCXndB4o3BHJWEWLcxd5W4="},"lastRemoteEphemeralKey":"BWS1oX3hZiTD02qUKfLXRlDhra7KEEY9srR2vyNuyTtb","previousCounter":0,"rootKey":"ZPskKLWzI9kK2fWP3gwBrXoVrtKYRd2bpZ2T30oRj/A="},"indexInfo":{"baseKey":"Bb4ig6+p5FzIfMM/nE5q6M84QD0udT6SsTpYTs2WWe8H","baseKeyType":1,"closed":1733209523575,"used":1733208445400,"created":1733208445400,"remoteIdentityKey":"BcKRFZwfvS/lQhKUlqEk49ycoXrnIpQvPuGTtkGCSJcz"},"_chains":{"BZC8LYYQJnuaoujXvhwkaSYutI/dyKvY35fd5TxL9/tp":{"chainKey":{"counter":8,"key":"fArZkosAkV6F2jHQuSc3Z9roYAx5vwLmipIpJRsylaQ="},"chainType":1,"messageKeys":{}}},"pendingPreKey":{"signedKeyId":1,"baseKey":"Bb4ig6+p5FzIfMM/nE5q6M84QD0udT6SsTpYTs2WWe8H"}},"BalXcdwn80RqhYnecK/hcqZUjsZgYRdLxL4ciQt3lws9":{"registrationId":80,"currentRatchet":{"ephemeralKeyPair":{"pubKey":"Bf2k4aYTOYr9MSAtjVKnYE4074e42nQlNq6+aaWK5Dx3","privKey":"CPFNz90c7+/Efapzvp9HYH6+R4bz5z69t3yL4/m3WGM="},"lastRemoteEphemeralKey":"BWS1oX3hZiTD02qUKfLXRlDhra7KEEY9srR2vyNuyTtb","previousCounter":0,"rootKey":"4VvIRpyygDK+D3Umuqcgxy80GwLfWeEX0XhjALcqrtg="},"indexInfo":{"baseKey":"BalXcdwn80RqhYnecK/hcqZUjsZgYRdLxL4ciQt3lws9","baseKeyType":1,"closed":1733209796863,"used":1733209523571,"created":1733209523571,"remoteIdentityKey":"BcKRFZwfvS/lQhKUlqEk49ycoXrnIpQvPuGTtkGCSJcz"},"_chains":{"Bf2k4aYTOYr9MSAtjVKnYE4074e42nQlNq6+aaWK5Dx3":{"chainKey":{"counter":-1,"key":"dQT+AOERprw4Iz1KX4AJOVdGkgTQ/iwp4zdvrfXiJSM="},"chainType":1,"messageKeys":{}}},"pendingPreKey":{"signedKeyId":1,"baseKey":"BalXcdwn80RqhYnecK/hcqZUjsZgYRdLxL4ciQt3lws9"}},"BRel9De6sNw3pxgofonNzgxL+Agc5MiCt+DucEdi8Kc4":{"registrationId":80,"currentRatchet":{"ephemeralKeyPair":{"pubKey":"BSMY76tYL0HK4TdH43M0XJdbkM8g7B5VpYSCKP8hoy4f","privKey":"EM10xYmmwRKgrY60yK1+HaOuWg8kRsDETT5GDm4ZpHs="},"lastRemoteEphemeralKey":"BWS1oX3hZiTD02qUKfLXRlDhra7KEEY9srR2vyNuyTtb","previousCounter":0,"rootKey":"UQG7X4XK/uu5AHmwNZ6KnfyxVDW743TJxDL+W6ab1hk="},"indexInfo":{"baseKey":"BRel9De6sNw3pxgofonNzgxL+Agc5MiCt+DucEdi8Kc4","baseKeyType":1,"closed":1733209999181,"used":1733209796859,"created":1733209796859,"remoteIdentityKey":"BcKRFZwfvS/lQhKUlqEk49ycoXrnIpQvPuGTtkGCSJcz"},"_chains":{"BSMY76tYL0HK4TdH43M0XJdbkM8g7B5VpYSCKP8hoy4f":{"chainKey":{"counter":2,"key":"sd4JUKnahJua1qDOSXICcw8cLRjwPg13efy5EegHkDA="},"chainType":1,"messageKeys":{}}},"pendingPreKey":{"signedKeyId":1,"baseKey":"BRel9De6sNw3pxgofonNzgxL+Agc5MiCt+DucEdi8Kc4"}},"BUtjOkBteX0/bZwTS684Fpgc3l/1b/x39JTtcR08yvZ7":{"registrationId":80,"currentRatchet":{"ephemeralKeyPair":{"pubKey":"BTgzIc+fX7A9AmL8MD4DP/hOPwnIr1UvsTNREe8Y6+FM","privKey":"mJoRkV7T/hdvLhhX64QFM3/ygX7DTpb1ufNqiNAJr1Y="},"lastRemoteEphemeralKey":"BWS1oX3hZiTD02qUKfLXRlDhra7KEEY9srR2vyNuyTtb","previousCounter":0,"rootKey":"it6h20HEwnUCD11l2k+PbP5JYSa1qe7hEeF47gPIHAA="},"indexInfo":{"baseKey":"BUtjOkBteX0/bZwTS684Fpgc3l/1b/x39JTtcR08yvZ7","baseKeyType":1,"closed":1733210368546,"used":1733209999178,"created":1733209999178,"remoteIdentityKey":"BcKRFZwfvS/lQhKUlqEk49ycoXrnIpQvPuGTtkGCSJcz"},"_chains":{"BTgzIc+fX7A9AmL8MD4DP/hOPwnIr1UvsTNREe8Y6+FM":{"chainKey":{"counter":-1,"key":"SgQDPRtkR9Qt88RcajrsmG7QpDwa3Fkiaw6J1EyOvPo="},"chainType":1,"messageKeys":{}}},"pendingPreKey":{"signedKeyId":1,"baseKey":"BUtjOkBteX0/bZwTS684Fpgc3l/1b/x39JTtcR08yvZ7"}},"BWnYwW2VsO/+Xgb2UXYVRiktejqR/dr/AkppABWHfT43":{"registrationId":80,"currentRatchet":{"ephemeralKeyPair":{"pubKey":"BQ+6cSee2f04uHu3y9pUEZigDOxhjOJg4GJUFqj85eU2","privKey":"kKcgiGGGvtVwsr0qkOrKHXizjVvxoUR3sJDXkIbefGY="},"lastRemoteEphemeralKey":"BWS1oX3hZiTD02qUKfLXRlDhra7KEEY9srR2vyNuyTtb","previousCounter":0,"rootKey":"hkbw7h2xUeziX0sMbYZkZr6feHYHOZw5iK3Kte5FDpY="},"indexInfo":{"baseKey":"BWnYwW2VsO/+Xgb2UXYVRiktejqR/dr/AkppABWHfT43","baseKeyType":1,"closed":-1,"used":1733210368543,"created":1733210368543,"remoteIdentityKey":"BcKRFZwfvS/lQhKUlqEk49ycoXrnIpQvPuGTtkGCSJcz"},"_chains":{"BQ+6cSee2f04uHu3y9pUEZigDOxhjOJg4GJUFqj85eU2":{"chainKey":{"counter":3,"key":"x3hioWJRa+/Euo0xl/4GXWR7KN6hZRomonwao15eqh8="},"chainType":1,"messageKeys":{}}},"pendingPreKey":{"signedKeyId":1,"baseKey":"BWnYwW2VsO/+Xgb2UXYVRiktejqR/dr/AkppABWHfT43"}}},"version":"v1"}