{"_sessions":{"BWpnl8pyTNxXRcpaLUsrMEQQWGLAfdxzI2c5NoNUN7Qn":{"registrationId":255661273,"currentRatchet":{"ephemeralKeyPair":{"pubKey":"BfMk/Ku9vhlXbBm0DuKSQ9quiiBirEwTUC06nAZmZkwt","privKey":"4B8K64QsVQiwmHUmMZvoIdwIHssaR1eMZUGPtCTV+0Y="},"lastRemoteEphemeralKey":"Be4nfaYmw3NYTfQG1ARa8SSu+DT+Gebswcgm72MN4EYN","previousCounter":0,"rootKey":"/PBfpPuB3l+xeBbqsHOiJHbQedFAG+byIG8LUjL16AY="},"indexInfo":{"baseKey":"BWpnl8pyTNxXRcpaLUsrMEQQWGLAfdxzI2c5NoNUN7Qn","baseKeyType":2,"closed":-1,"used":1733379982302,"created":1733200662326,"remoteIdentityKey":"Bf/pfBA0EBK0Pz56idT+QUdQqS9zdvQfu4NSbuUy5Wtz"},"_chains":{"Bf8jLBwfQgolI5n8N55f3mxcIvbrgHq3OlhlEP7qr3wL":{"chainKey":{"counter":1},"chainType":2,"messageKeys":{}},"BdnqcU+w1R6NQP3A11cq6hYkDezmDSpnu58pdCXni4QX":{"chainKey":{"counter":0},"chainType":2,"messageKeys":{}},"BV9xNVHMrtCUO36snWHBnyybHumCXtKoZ8lIaDnZlIs6":{"chainKey":{"counter":1},"chainType":2,"messageKeys":{}},"BS8Odf3Uj8oLZk98ncnKoqTWS67VV7dZreNbHTc9JCxn":{"chainKey":{"counter":1},"chainType":2,"messageKeys":{}},"BYy2VgJfaB2lpl5LzxjP23wT+hAR8rOPwF9ReLREKztV":{"chainKey":{"counter":2},"chainType":2,"messageKeys":{}},"BatQ5gVXBxLyObd81MURjFyJ6K6/dTO/fybGh2LtimJ6":{"chainKey":{"counter":0},"chainType":2,"messageKeys":{}},"BQVtBY7OCiCXxveLTuqWYqrVN5PUeeTdNEsBMRgTaxMI":{"chainKey":{"counter":1},"chainType":2,"messageKeys":{}},"BZByROhB5CXDSwqwxCGG6dgrfiBwH3JerfsQEBaAYDYZ":{"chainKey":{"counter":0},"chainType":2,"messageKeys":{}},"BQ337mO/9Cy7Gn+e87CiX9HZQ+zHlqBcScYIvuVxs7ov":{"chainKey":{"counter":1},"chainType":2,"messageKeys":{}},"BQrveOKsxwLYx4hWcn4gVFoGXJ2oqXOhpfAaOp/e6ZZU":{"chainKey":{"counter":1},"chainType":2,"messageKeys":{}},"BZIXdegr3j6YRuvpGvUs1CGjfUx92/ZhEEDlQsfqZghX":{"chainKey":{"counter":1},"chainType":2,"messageKeys":{}},"BSZxenatkh3991WheXrcxN/AcRRRUgLryQpvxKx1KyI9":{"chainKey":{"counter":10},"chainType":2,"messageKeys":{}},"BVbG7cvUmxGLzTrHuV2hTS4bxcLmxOyuOpFwNY+/9DBr":{"chainKey":{"counter":2},"chainType":2,"messageKeys":{}},"BZlufSwyYu0P0kvORQjkiedP7vaSW4/yjNH5TmNvERAM":{"chainKey":{"counter":1},"chainType":2,"messageKeys":{}},"BZpXX0h5Y4wNjDsNlgrmxlYe6hyyHDtV0WljcZjIJlJs":{"chainKey":{"counter":0},"chainType":2,"messageKeys":{}},"BagBSS/7b+3gg53nlfGV/Asis0JijmENanduafZKxlsn":{"chainKey":{"counter":2},"chainType":2,"messageKeys":{}},"BUDhGNqm10+crzro1qbRaOgZqqKNwUT33VqScejXMUIn":{"chainKey":{"counter":1},"chainType":2,"messageKeys":{}},"BWeINHuYeBTdxK6tfnL9NOAgR9psukI66lKvlNEY1rJJ":{"chainKey":{"counter":1},"chainType":2,"messageKeys":{}},"Bau49krVpO5Lpk8HY6+sZCQ4sItqFaX04qaHeQhaIQI2":{"chainKey":{"counter":2},"chainType":2,"messageKeys":{}},"BRZ/DLec9ErsSA4IaH0k8ZJ36UeA/FswtVEoaWUbzHVX":{"chainKey":{"counter":1},"chainType":2,"messageKeys":{}},"BbTZ6jv7BdxjFkohOXPFNt+rBM0Z2YhOn5eUXzt0ohtv":{"chainKey":{"counter":1},"chainType":2,"messageKeys":{}},"BWR68P20O4/fy+llc/hVRhV4GwcBT/TsnBtzpOW0IJo1":{"chainKey":{"counter":1},"chainType":2,"messageKeys":{}},"BSHr1fUnT2pbt4gHowBIfWCjGTpcKgp83jsAoA2fDEdD":{"chainKey":{"counter":1},"chainType":2,"messageKeys":{}},"BVy3aV5frUJkeksknnQVwGO9yykMrTabKu70Hq4J87Vx":{"chainKey":{"counter":1},"chainType":2,"messageKeys":{}},"BTsDOW3we+J6ZLjzMbtG2OewsHk9/GK0qVb/EtIm28Ib":{"chainKey":{"counter":1},"chainType":2,"messageKeys":{}},"BY8olp5qTgcNKndpNHL6gtuDmODDbXvLdqDJCHBVWGIP":{"chainKey":{"counter":1},"chainType":2,"messageKeys":{}},"BcQ+xRfESlIo0wmYfuJMxGCQ3iJpIgWHXb4rbiJs5CM6":{"chainKey":{"counter":1},"chainType":2,"messageKeys":{}},"BT0gontLZBiIslvXj+qPBKvUSjJBIB3oXYQTHQm5Lhk6":{"chainKey":{"counter":1},"chainType":2,"messageKeys":{}},"BaOMv00AFdiH4dNXCamgDitCCOp1O1vj2OZMJjYN2hV5":{"chainKey":{"counter":1},"chainType":2,"messageKeys":{}},"BSZMoLTeBKCphtevvl/cY/pBMyFjAHxzYxMJkiWzTwE/":{"chainKey":{"counter":1},"chainType":2,"messageKeys":{}},"BZLeD0F+BENHDSBW3am5AVDGvWHejnu4vOZi97V4m85O":{"chainKey":{"counter":1},"chainType":2,"messageKeys":{}},"BSDE72JnWj2g5xurWHqiP/sNxyEDktS9X4mZRAw9Mngi":{"chainKey":{"counter":1},"chainType":2,"messageKeys":{}},"BVUbmmHmD9/qKczdrV7oyoPeEfBs2bbGdtpfOQOS3/4Z":{"chainKey":{"counter":1},"chainType":2,"messageKeys":{}},"Ba7R/7mOdz8uf0XTyu2EqRjm+teO3Ng+yjPXtbZycAdt":{"chainKey":{"counter":1},"chainType":2,"messageKeys":{}},"BV5bAFp0ncgqIf9HM8kZjxCSCI8zEbzLGT7SEV5be9lK":{"chainKey":{"counter":1},"chainType":2,"messageKeys":{}},"BQiyY6vCS2fD+cXOcgzy02aI9LncctGBi5ahZHUDps4D":{"chainKey":{"counter":2},"chainType":2,"messageKeys":{}},"BfGbo6eXnVYDF86WRtLhPQa0lcQQ1GMrbTTN5BIf4uUn":{"chainKey":{"counter":1},"chainType":2,"messageKeys":{}},"Bb0K9N76qM0fod+SrJoH2rkB3Ybbz44xZwUkSK8Ji31i":{"chainKey":{"counter":1},"chainType":2,"messageKeys":{}},"BeYSJvfaXJGxIX1VEVj3npZTXsgGvOCPut95IT4jW/kI":{"chainKey":{"counter":1},"chainType":2,"messageKeys":{}},"BTNo72rHbe56rWQDLv4UR5YKdJEekET2XL7aq1pruao7":{"chainKey":{"counter":1},"chainType":2,"messageKeys":{}},"BQi3r4fX9PMDpHNT8NjCwdKiDca9rW7erSSIAqTgO0JQ":{"chainKey":{"counter":1},"chainType":2,"messageKeys":{}},"BbPgolrtQ2Y5oUM138foJx83GhxrQHxnID9xpOb+w5cz":{"chainKey":{"counter":2},"chainType":2,"messageKeys":{}},"BWrWczo8c4zGP+O9uYjJ4Q/xu9zWCyO5ptWqj0K+F6Is":{"chainKey":{"counter":1},"chainType":2,"messageKeys":{}},"Bf5lBMhL3EOt1hLSHPJfgVRvcuBhUK1llvuoGhM0mOIQ":{"chainKey":{"counter":4},"chainType":2,"messageKeys":{}},"BWDL1jiVmjBFeCzQ5XY5XJ8yZ+RL9htNBwqh15857uxj":{"chainKey":{"counter":1},"chainType":2,"messageKeys":{}},"BTzlumkE/2bCRTQOTAgD1MM7Ya2Juz+IZOz/v64rFNFC":{"chainKey":{"counter":2},"chainType":2,"messageKeys":{}},"Ba2fiuVBkYGsET8hn561WH3faWYkuUofTyCyG7ww0XdS":{"chainKey":{"counter":2},"chainType":2,"messageKeys":{}},"BfXsQMJhS0uOjQjQNT45MO+Eq0E3dXJEG05xe8W+iCBA":{"chainKey":{"counter":1},"chainType":2,"messageKeys":{}},"BY2GXhf6Ycfj1nLOVcLI60P036AQa7Nfe9O8RU54kMEm":{"chainKey":{"counter":6},"chainType":2,"messageKeys":{}},"BVot252L8RTBKVEythEFzFM81YeVPpjEhVuFK5Z/IgMW":{"chainKey":{"counter":1},"chainType":2,"messageKeys":{}},"BZ5hzkrLZqZBLZv+ARyy4lSLibsba+gWHX4Qh2hgajlN":{"chainKey":{"counter":1},"chainType":2,"messageKeys":{}},"Ba8FHTR6HBmYDGDIGGkvekJw5CJoSqkZjP9tqlOWLgt+":{"chainKey":{"counter":2},"chainType":2,"messageKeys":{}},"BQaifaXCYJm+s1M+a4Un+DAMbH4suTbjw5enT1b/GDRM":{"chainKey":{"counter":3},"chainType":2,"messageKeys":{}},"BTxBjkUTYmx0KKWVx5eysN13eiYNqsCGF4/Mu9Xatjc4":{"chainKey":{"counter":7},"chainType":2,"messageKeys":{}},"BaQNOFc0ZpkXE0xsXesqwBI6hG+SYki6FPWEGx+nvSlJ":{"chainKey":{"counter":2},"chainType":2,"messageKeys":{}},"BbkmYMKPFjJgs2KRgUJoDR6hx74ixZf6waF0W1Af2ZNx":{"chainKey":{"counter":4},"chainType":2,"messageKeys":{}},"BWSPeU9nyZuoj9nEqo7ed88u4rBEBrJN/YOovvIm3yt/":{"chainKey":{"counter":1},"chainType":2,"messageKeys":{}},"BXON7CuKLTf0IHgaefgHSTucrR9BJTJUQvewbg+pTWU4":{"chainKey":{"counter":1},"chainType":2,"messageKeys":{}},"BVNDcEWQF1enW8bRdXa707hJhW2MTNVFmO31wzQR4KVY":{"chainKey":{"counter":2},"chainType":2,"messageKeys":{}},"BTKBKfN8YvTYW9R4D26N5SyPCGCyil+DJ/W2d5H6oFsx":{"chainKey":{"counter":1},"chainType":2,"messageKeys":{}},"Be/vwXGB/Alo+6L89OR/k0679whve80ng6tL/cVaaA1G":{"chainKey":{"counter":1},"chainType":2,"messageKeys":{}},"BZ5bz31ex8gMRAQA7bD1qhujpWt+F6rylx+r/KX/yZhO":{"chainKey":{"counter":2},"chainType":2,"messageKeys":{}},"Be4nfaYmw3NYTfQG1ARa8SSu+DT+Gebswcgm72MN4EYN":{"chainKey":{"counter":6,"key":"IpCnL2dJkbVwpLjM9cTKzMqKNNroSnQpHUPnvy/Ujyo="},"chainType":2,"messageKeys":{}},"BfMk/Ku9vhlXbBm0DuKSQ9quiiBirEwTUC06nAZmZkwt":{"chainKey":{"counter":-1,"key":"agsAMywBIvkhply0oPTaNlglqfawIKxbcHOBhc9A0W0="},"chainType":1,"messageKeys":{}}}}},"version":"v1"}